,STATE,COUNT,NAMEL,ALAND,AWATE,dc_id,P0130,H0100,P0030,P01202,H0180,H0040,P0040,H0020,P008004,P008005,P01200,P01204,c_0_5_1,c_0_5_3,c_1_5_1_2,c_1_5_1__,c_1_5_3_3,c_1_5_3_4,c_1_1_25_3,c_1_1_25_4,c_1_1_25_5,c_1_2_125,c_1_2_12_,c_1_3_3,c_1_3_4,c_1_3_5,Resilnc,FaildRt,LandUse,Community
0,12,57,Census Tract 32,818242,0,1,22.7,19.88888889,0,9.888888889,0.555555556,5.444444444,7.111111111,9.777777778,10.66666667,0,2,1.777777778,1.777777778,2.333333333,3.111111111,2.222222222,2.111111111,2.222222222,1.888888889,2.333333333,2.555555556,1.888888889,2.444444444,2.333333333,2,2.555555556,0.990067153,0,Industrial,1
1,12,57,Census Tract 24,2369303,70256,2,13.56666667,142.1666667,3,75,1.333333333,41.16666667,62,69.66666667,44,1.333333333,15.33333333,14.66666667,1.333333333,1.333333333,2.166666667,1.333333333,1.833333333,2.5,1.5,1.666666667,1.166666667,1.833333333,2,1.666666667,1.666666667,2.5,1,0,Industrial,1
2,12,57,Census Tract 60,3189965,23814,3,42.725,63.96428571,1.392857143,32.78571429,0.892857143,4.464285714,4.357142857,26.75,0.678571429,0.178571429,2.214285714,10.03571429,1.392857143,1.392857143,2.392857143,1.964285714,1.75,2.571428571,1.785714286,2.142857143,2.392857143,1.642857143,2.714285714,1.714285714,2.5,2.821428571,0.098827893,0.207983193,Industrial,1
3,12,57,Census Tract 20,1296416,10339,4,0,0,0,0,0,0,0,0,0,0,0,0,3,2,2,3,3,3,3,2,3,2,4,2,4,2,0.570550577,0,Industrial,1
4,12,57,Census Tract 135.01,6933721,1748956,5,24.5,36,0,18,0,8,7,11,0,0,3,0,1,1,1,1,1,1,1,1,1,1,1,1,1,1,0.892997037,0,Industrial,1
5,12,57,Census Tract 135.03,2598837,10974,6,9,20,0.25,11,0.5,1,9.75,6.5,2.75,0.25,2.25,1.25,2,1.5,2.25,2.25,2.25,3,2,2.25,2.5,2,3.75,2.25,3,2.75,0.848222518,0,Industrial,1
6,12,57,Census Tract 104.02,10356347,658197,7,0,0,0,0,0,0,0,0,0,0,0,0,1.25,1,1.5,1,1.25,1.25,1.25,1.5,1.5,1.25,2,1,1.25,1.25,0.948232565,0,Industrial,1
7,12,57,Census Tract 33,790736,0,8,37.83333333,27.33333333,0,11.66666667,1,4.666666667,11.66666667,11.33333333,13,0,3.333333333,2.666666667,1.666666667,2,2.333333333,2,2,3,1.666666667,3,2,2.333333333,2.666666667,1.666666667,3,2,0.862079863,0,Industrial,1
8,12,57,Census Tract 51.02,695170,524042,9,20.35,140.8333333,5,71.16666667,2.333333333,24.83333333,12.33333333,76.83333333,1.833333333,1.166666667,4.833333333,17.33333333,1.666666667,2,2.833333333,2.5,2.5,2.833333333,2.166666667,2.5,2.666666667,2.166666667,3.666666667,2.333333333,2.833333333,3,0.045259926,1,Industrial,1
9,12,57,Census Tract 62,1654261,0,10,40.92857143,28.42857143,0.285714286,16.28571429,1,2,4.714285714,12.71428571,0,0.857142857,1.857142857,2.285714286,1.571428571,1.857142857,3,2,2.142857143,2.857142857,2,2.571428571,2,2,3.857142857,1.571428571,2.857142857,3.571428571,0.053604726,0,Residential,1
10,12,57,Census Tract 135.05,4310385,117094,11,3.275,3.9,0,2.15,0.05,1.1,0.7,2.05,0.5,0,0.4,0.5,1.3,1.2,1.8,1.5,1.65,1.75,1.25,1.5,1.6,1.45,1.95,1.5,1.75,1.7,0.662300834,0,Institutional,1
11,12,57,Census Tract 136.02,7907699,66478,12,41.125,13.75,0,7.5,0.25,1.25,8,5,1,0,0.5,3,1.5,2,2.75,2.5,2.25,2.75,1,1.75,1.5,2.25,3.25,1.5,2.25,4.5,0.764709304,0,Industrial,1
12,12,57,Census Tract 6.01,1337169,16872,13,38,42,9,24,0,4,8,14,1,0,3,4,1,1,3,1,1,4,2,4,2,1,2,1,3,1,1,0,Industrial,1
13,12,57,Census Tract 9.01,875951,0,14,25.25,7,0,5,0,1,0.5,3,2.5,0,0,0.5,1,1.5,2,2,2.5,2,2,1.5,1.5,1,2,3,2,2.5,1,0,Industrial,1
14,12,57,Census Tract 119.04,512448,12268,15,14.4,330.5,4,157.5,0,166,204,174,78,0,23,10,2,1,2.5,1,1,2.5,1,2,2.5,1,2,1,1,1,1,0,Industrial,2
15,12,57,Census Tract 117.12,2516922,661540,16,31.14210526,111.0526316,2.842105263,53.68421053,2.473684211,17.52631579,30.21052632,51.47368421,10,0.894736842,5.842105263,15.57894737,1.947368421,1.789473684,2.736842105,2,2,2.631578947,1.947368421,2.421052632,2.263157895,1.894736842,2.315789474,1.947368421,2.210526316,3.052631579,0.164694172,0.581168831,Industrial,1
16,12,57,Census Tract 53.01,840079,144664,17,15.34117647,56.70588235,4.764705882,20.76470588,0.588235294,17.11764706,5.470588235,78.11764706,1.470588235,0,1.764705882,4.117647059,1.529411765,1.529411765,1.941176471,1.941176471,1.588235294,2.117647059,1.882352941,2.176470588,1.529411765,1.705882353,2.705882353,2.058823529,2.117647059,2.058823529,0.426579741,0.984615385,Industrial,1
17,12,57,Census Tract 59,3704617,958876,18,38.52857143,88.85714286,0.285714286,43.28571429,1.857142857,2,11.28571429,34.71428571,0.428571429,0.857142857,5.714285714,15.42857143,1.571428571,1.857142857,2,1.714285714,2,2.142857143,1.714285714,2.142857143,2.428571429,1.571428571,2.857142857,1.571428571,1.714285714,2,0.060540963,0,Residential,1
18,12,57,Census Tract 61.01,1225385,399753,19,35.11666667,110.75,2.166666667,57.25,0.25,35.41666667,9.5,84.75,0.75,0.333333333,3.833333333,8.333333333,1.25,1.333333333,2.583333333,1.583333333,1.916666667,2.5,1.75,2.166666667,2.583333333,1.666666667,3.083333333,1.583333333,2.416666667,2.916666667,0.081219975,1,Industrial,1
19,12,57,Census Tract 68.02,1699762,323188,20,44.36666667,31.33333333,2.333333333,17.66666667,1.666666667,2.333333333,2,14,4.666666667,0,1.666666667,4.666666667,1.333333333,1.666666667,3.666666667,2.333333333,2.333333333,2,2,3.333333333,3.333333333,2.666666667,4.333333333,2.333333333,3,5,0.094525773,0.65,Industrial,1
20,12,57,Census Tract 67,2813282,380199,21,29.325,28.875,1.125,15.125,0.125,2.625,4.25,15.375,0,0,0.5,4.5,1.625,1.375,2.75,2.125,1.75,3,1.875,2.5,2,2.25,3.125,1.875,1.875,2.375,0.014850255,0.442424242,Institutional,3
21,12,57,Census Tract 65.01,1404846,8705,22,38.14,90,2.4,47.4,4.4,9,16.2,46,2.4,0.6,3.2,13.4,1,1.2,1.8,1.6,1.4,1.8,1.2,2.2,2.2,1.2,1.6,1.2,1.8,1.6,0.139606209,0,Industrial,1
22,12,57,Census Tract 71.03,1937266,6527,23,45.36666667,76,6.666666667,38,4,2.666666667,9.666666667,28.33333333,11.33333333,1.333333333,4.333333333,12.66666667,1.333333333,1,2,2.333333333,2,2,1.333333333,3,1.666666667,1,3.666666667,2,3.666666667,3,0.052730605,0,Industrial,2
23,12,57,Census Tract 72,5387730,1523448,24,0,0,0,0,0,0,0,0,0,0,0,0,2,3,2,3,3,4,2,3,2,2,3,3,3,2,0.338118991,0,Industrial,1
24,12,57,Census Tract 70.02,1290191,45899,25,24.6,664,33,372,0,257,283,276,191,11,84,20,1.5,2,4,2,3,3.5,3,2.5,3.5,1.5,3,1.5,3,4,0,0,Industrial,1
25,12,57,Census Tract 70.01,2277772,114379,26,0,0,0,0,0,0,0,0,0,0,0,0,3,2,3,3,3,4,3,3,4,2,3,2,4,2,0.042488447,0,Institutional,1
26,12,57,Census Tract 110.12,8138065,354097,27,33.28421053,693.1052632,105.0526316,352.1578947,13.36842105,24.10526316,101.4736842,243.5789474,62.52631579,1.210526316,57.73684211,29.21052632,1.105263158,1.105263158,2.210526316,1.578947368,1.473684211,1.789473684,1.473684211,1.684210526,1.789473684,1.263157895,1.789473684,1.421052632,2.315789474,1.947368421,1,0,Industrial,1
27,12,57,Census Tract 110.14,2467259,50567,28,19.02857143,278.8571429,21.71428571,150.2857143,0.428571429,131,61.14285714,147.8571429,68.42857143,3.142857143,19.28571429,4.285714286,1,1,1.857142857,1.142857143,1.428571429,1.428571429,1.142857143,1.571428571,1.857142857,1.285714286,1.571428571,1.142857143,1.571428571,1.857142857,1,0,Residential,2
28,12,57,Census Tract 102.11,5602520,458179,29,17.36363636,507.0909091,17.27272727,282.9090909,4,126.1818182,164,202.5454545,169.6363636,2.181818182,51.45454545,21.81818182,1.636363636,1.272727273,2.363636364,1.818181818,1.545454545,2.090909091,1.727272727,1.818181818,1.909090909,1.454545455,2.090909091,1.818181818,1.818181818,2.454545455,0.886412354,0,Industrial,1
29,12,57,Census Tract 102.12,3665078,411150,30,31.8375,1008.375,132.125,522.875,21.125,42.375,110.25,385.375,86.5,4.875,64.875,77.875,1.875,1.125,2.875,2.25,2,2.625,2.125,2.625,2.875,2,2.875,1.875,2.625,3,0.979394402,0,Industrial,1
30,12,57,Census Tract 102.10,3320881,434391,31,25.7,1320,72,736,6,453,443,612,409,4,126,49,1,1,3,1,2,2,3,3,4,2,5,3,4,5,0.916753608,0,Industrial,2
31,12,57,Census Tract 102.09,17015306,359237,32,33.58703704,1038.12963,99.5,539.3148148,15.61111111,217.9074074,185.4259259,443.4074074,202.5,6.685185185,67.51851852,50.55555556,1.333333333,1.351851852,1.925925926,1.666666667,1.703703704,2.055555556,1.537037037,2,1.981481481,1.481481481,2.148148148,1.592592593,1.907407407,2.37037037,0.851129728,0,Residential,1
32,12,57,Census Tract 110.16,5295672,147453,33,25.98571429,429,94.28571429,216.7142857,11.57142857,22.42857143,47.42857143,158.8571429,32.28571429,1.142857143,31.28571429,20,1.714285714,1.857142857,3.142857143,1.857142857,2.142857143,3.428571429,2.428571429,2.714285714,3,2.428571429,3.571428571,2.285714286,2.857142857,2.571428571,0.914932568,0,Industrial,2
33,12,57,Census Tract 108.13,1103112,46763,34,13.70714286,220.5714286,13.14285714,125,0.071428571,134.7142857,44.64285714,163.0714286,54.07142857,2,6.5,21.64285714,1.142857143,1.428571429,2.142857143,1.857142857,1.928571429,2.642857143,1.642857143,2.214285714,2.5,1.571428571,2.928571429,1.571428571,2.5,3.142857143,0.910255058,0,Residential,3
34,12,57,Census Tract 108.18,1424999,27154,35,47.16,77.8,0.8,74,0,35.8,40.4,55.6,44,0.8,7.4,43.6,2.2,1,2.6,2,2.2,2.8,1.6,2.6,2,1.6,2.4,2.2,2.6,3.8,0.925543149,0,Industrial,2
35,12,57,Census Tract 54.01,3477466,1684609,36,31,36,0,16,0,19,13,22,2,2,2,0,2,2,3,2,3,3,3,4,1,3,5,3,2,5,0,1,Industrial,2
36,12,57,Census Tract 64,2235780,394958,37,41.4,52,2,25.5,0.5,1.5,15,21,0,0,2.5,7,2,1.5,2.5,3,2.5,2.5,1,1.5,2.5,2.5,3,2,2.5,3,0,0,Residential,2
37,12,57,Census Tract 133.15,5268866,246107,38,3.454545455,0.363636364,0,0.272727273,0,0.090909091,0,0.090909091,0.363636364,0,0,0,1.181818182,1.363636364,2.090909091,1.636363636,1.727272727,2,1.363636364,1.727272727,1.727272727,1.545454545,1.727272727,1.454545455,1.818181818,1.909090909,0.95601475,0,Industrial,1
38,12,57,Census Tract 16,1305300,0,39,29,11.63636364,0.363636364,5.545454545,0.090909091,2.272727273,1.272727273,6.727272727,1.090909091,0.090909091,0.363636364,1,1.636363636,1.454545455,2.454545455,2.363636364,1.909090909,2.818181818,1.727272727,2.545454545,2.090909091,2.090909091,2.909090909,1.909090909,1.818181818,2.818181818,0.92431296,0,Industrial,1
39,12,57,Census Tract 118.02,3305739,23021,40,16.44444444,22.44444444,0.666666667,11,1,5,17,9,1.666666667,0,1.555555556,3.666666667,1.444444444,1.222222222,2.222222222,1.777777778,1.555555556,2.222222222,1.777777778,1.777777778,2,1.444444444,2.888888889,1.777777778,2,2.111111111,0.820600312,0,Residential,1
40,12,57,Census Tract 108.05,1897855,9466,41,12.33333333,11,0.666666667,6,0,3.333333333,3,3.666666667,7.333333333,0,1.333333333,0,1.666666667,1.333333333,3.333333333,2.333333333,2,2.333333333,2,3.666666667,3.333333333,2,3.666666667,1.333333333,2.333333333,2,0.833920056,0,Industrial,1
41,12,57,Census Tract 108.08,985763,48686,42,9.56,217.4,6.8,107.4,0,91.4,42.8,106,97.4,1.4,9.6,2.4,1.2,1.4,1.8,2,2.2,2.8,1.8,2.2,2.6,1.6,3.2,1.6,1.8,3.8,1,0,Industrial,1
42,12,57,Census Tract 119.02,3466082,359342,43,44.17333333,123.8,2.533333333,63.06666667,3,21.53333333,64.93333333,58.46666667,10.4,0.6,7.266666667,18.53333333,1.466666667,1.733333333,3,2.066666667,2.133333333,2.8,2.066666667,2.4,2.2,1.933333333,3.733333333,2,2.6,2.4,0.884676345,0,Industrial,1
43,12,57,Census Tract 120.01,7210877,572466,44,10.53103448,11.17241379,0.137931034,6,0.310344828,2.24137931,2.413793103,4.517241379,4.931034483,0,0.75862069,1.724137931,1.034482759,1.24137931,1.620689655,1.206896552,1.551724138,1.448275862,1.24137931,1.448275862,1.413793103,1.275862069,1.896551724,1.379310345,1.620689655,1.862068966,0.929834643,0,Industrial,3
44,12,57,Census Tract 120.02,5050816,467626,45,21.02352941,32.58823529,0.470588235,15.52941176,1.529411765,4.352941176,7.117647059,14.41176471,10.17647059,0.588235294,2.176470588,3.058823529,1.529411765,1.588235294,2.176470588,2.117647059,2.117647059,2.647058824,1.882352941,2.470588235,1.823529412,1.823529412,2.764705882,1.529411765,2.352941176,2.411764706,0.871784415,0,Industrial,1
45,12,57,Census Tract 121.03,9383391,469356,46,12.93492063,45.41269841,4.634920635,22.82539683,0.571428571,14.76190476,8.26984127,22.58730159,13.0952381,0.380952381,4.174603175,2.761904762,1.365079365,1.317460317,2.079365079,1.698412698,1.571428571,2.111111111,1.634920635,1.80952381,2,1.634920635,2.285714286,1.666666667,1.888888889,1.777777778,0.872328384,0,Industrial,1
46,12,57,Census Tract 109,6132420,144906,47,0,0,0,0,0,0,0,0,0,0,0,0,1.555555556,1.333333333,1.888888889,1.777777778,1.777777778,2.111111111,1.555555556,1.777777778,2.222222222,1.777777778,2.333333333,2.222222222,2,2.888888889,0.973675035,0,Residential,1
47,12,57,Census Tract 110.03,5099520,469494,48,34.3,313.2222222,6,165.6666667,2.111111111,166.6666667,71.33333333,237.2222222,84.22222222,2.666666667,13.55555556,61.22222222,1.555555556,1.444444444,2.333333333,2.111111111,2.222222222,3.111111111,2.222222222,2.555555556,2.444444444,1.777777778,2.111111111,1.777777778,2.333333333,2.333333333,0.893227797,0,Industrial,1
48,12,57,Census Tract 110.08,21506132,696077,49,18.16666667,476.1666667,52.91666667,241.9166667,3.916666667,130.9166667,67.66666667,189.5833333,60.08333333,1.75,21.66666667,22.33333333,1.5,1.416666667,2.583333333,2.083333333,2.416666667,3,2.416666667,2.5,2.916666667,2.166666667,3.083333333,2.416666667,2.916666667,3.083333333,0.987731952,0,Industrial,2
49,12,57,Census Tract 110.10,5139481,162840,50,27.275,597.5,56.75,327.5,9.75,172.5,75,417.75,173.75,4.5,45,34.75,1.5,1,2.25,2.25,1.75,2.5,1.5,2.25,2,2,3.25,1.75,2.25,2,0.8368286,0,Residential,1
50,12,57,Census Tract 112.04,4128619,269866,51,31.33,82.4,0,44.5,2.9,12.1,15.9,59.2,1.6,0.9,0.9,35.9,1.6,1.7,2.5,2,2.1,2.6,2.2,2.9,2.5,1.9,3,1.8,2.8,3.3,0.772725832,0,Residential,2
51,12,57,Census Tract 112.06,2018020,19168,52,41.525,56.125,3.25,22.375,1.25,18,16.375,38,5.25,1,1.75,5.25,1.875,1.625,2.25,1.875,2.125,2.25,2,2.625,2.5,2.125,2.125,2.125,2.5,2.375,0.808671462,0,Industrial,1
52,12,57,Census Tract 1.02,3362558,57019,53,21.53636364,49.27272727,0.545454545,26.36363636,1.363636364,16.36363636,12.18181818,25.09090909,22.63636364,0.545454545,3.454545455,8.363636364,1.909090909,2.181818182,3.090909091,2.090909091,2,2.818181818,2.090909091,3,3,2.454545455,3.181818182,2.090909091,2.272727273,2.636363636,0.992117991,0,Institutional,2
53,12,57,Census Tract 3,2958627,21108,54,20.5,70.66666667,1.666666667,27.8,1.133333333,24.73333333,27.86666667,42.26666667,28.33333333,0.333333333,5.866666667,4.933333333,1.533333333,1.733333333,2.133333333,1.8,1.933333333,2.6,2,2.4,2.133333333,1.8,2.933333333,2,2.466666667,3,0.95351463,0,Industrial,3
54,12,57,Census Tract 7,2103525,29385,55,18.4,18.7,0.1,9.45,0.5,3.25,4.65,8.2,10.95,0.1,1.7,1.05,1.25,1.3,2,1.3,1.6,1.8,1.35,1.75,1.7,1.45,2.4,1.35,1.65,2.1,0.936180791,0,Industrial,3
55,12,57,Census Tract 8,2593051,432004,56,29.15714286,80.0952381,3.571428571,42.42857143,3.428571429,10.42857143,19.95238095,31.52380952,35.52380952,0.238095238,4.19047619,5.952380952,1.380952381,1.333333333,2.238095238,1.952380952,1.952380952,2.380952381,1.571428571,2.047619048,2.142857143,1.80952381,3,1.619047619,2.142857143,2.476190476,0.999218303,0,Residential,1
56,12,57,Census Tract 116.05,8155481,239325,57,11.06470588,64.17647059,1.235294118,34.41176471,0.411764706,19.82352941,44.02941176,24.85294118,11.79411765,0.294117647,4.911764706,4.852941176,1.794117647,1.823529412,2.264705882,2.117647059,2.382352941,2.5,1.823529412,2.294117647,2.147058824,1.852941176,3,2.058823529,2.441176471,2.823529412,0.696917673,0,Industrial,1
57,12,57,Census Tract 116.03,3139477,192337,58,42.59,106.2,3,55.5,3.5,17.8,47.2,48.4,11.5,0.8,6.4,12.8,1.3,1.3,2.3,1.9,2.2,2.4,1.9,1.8,2.3,1.9,2.5,2.1,1.9,2.9,0.624273826,0,Residential,1
58,12,57,Census Tract 11,1631653,45399,59,18.35384615,26.69230769,0.076923077,13.30769231,1,2.692307692,3.692307692,13,4.153846154,0.153846154,1.538461538,3.769230769,1.230769231,1.230769231,1.923076923,1.846153846,1.461538462,2.076923077,1.615384615,2.461538462,2.076923077,1.692307692,2.461538462,1.692307692,1.923076923,2.230769231,1,0,Industrial,3
59,12,57,Census Tract 12,1362891,35703,60,75.5,5,0,3,0,2,2,6,0,0,0,3,1,2,3,3,3,2,2,4,3,3,4,2,3,3,1,0,Industrial,3
60,12,57,Census Tract 43,748979,143520,61,18.79,226.1,0.45,132.3,0.05,79.55,66.25,83.7,161.45,0.35,38.65,15.7,1.3,1.3,2.1,1.35,1.7,2.15,1.85,2,2,1.6,2.6,1.55,2.2,2.6,0.77002199,0,Residential,1
61,12,57,Census Tract 4.02,1961438,0,62,40.6,77,4,41,4,12,14,39,14,1,0,5,2,3,3,3,3,3,3,3,2,3,4,3,2,3,1,0,Industrial,1
62,12,57,Census Tract 13,3806327,100873,63,36.34545455,52.18181818,3.545454545,26.54545455,1.636363636,8.545454545,22.90909091,22.27272727,4.909090909,1.181818182,3.363636364,5.545454545,1.454545455,2,2,2,1.909090909,2.727272727,2,2.090909091,2.181818182,2.181818182,3,2.272727273,2.363636364,3,0.765761251,0,Industrial,1
63,12,57,Census Tract 14,2352954,84840,64,31.53,62,1.3,30,2.7,4.8,32.9,23.5,8.4,0.2,4.1,7,1.8,2,2.7,2.6,2.3,2.7,2,2.3,3.1,2.2,3.7,2.2,2.7,2.8,1,0,Industrial,1
64,12,57,Census Tract 15,1465648,85702,65,43.3,112.75,1.75,58.75,3.25,12.5,22.5,53.25,7.5,0.25,3.75,11,1.5,1.25,3,2.75,2.25,2.25,2.5,3,2.75,1.5,4,2,2.5,3.25,1,0,Institutional,1
65,12,57,Census Tract 17,2617741,6202,66,37.3826087,36.43478261,0.826086957,18,1.043478261,5.826086957,6.47826087,17.52173913,9.652173913,0.434782609,2.347826087,2.826086957,1.869565217,1.565217391,2.217391304,1.956521739,2.173913043,2.217391304,1.869565217,2.47826087,2.695652174,1.869565217,3.130434783,1.913043478,2.304347826,2.652173913,0.961436801,0,Residential,1
66,12,57,Census Tract 19,1961338,3763,67,3.722222222,6,0,2.888888889,0.333333333,0.333333333,0.666666667,2,5.555555556,0,0.555555556,1.222222222,1.666666667,1.333333333,2,1.444444444,1.666666667,2,1.666666667,1.888888889,2,1.777777778,2.333333333,1.555555556,1.888888889,1.777777778,0.964519027,0,Residential,1
67,12,57,Census Tract 21,1300150,0,68,34.02857143,30.57142857,0.714285714,15.71428571,1.214285714,6.428571429,9.857142857,13.71428571,14.64285714,0.5,2.571428571,4.357142857,1.571428571,1.642857143,2.571428571,2.071428571,2,2.785714286,2.214285714,3.214285714,2.357142857,1.642857143,3.214285714,1.857142857,2.785714286,3,0.921101706,0,Industrial,1
68,12,57,Census Tract 22,1312975,0,69,27.6875,5.875,0,2.5,0.125,1,0.875,3.375,0.625,0,0.125,0.125,1.5,1.625,2.5,1.5,2.25,2.875,1.875,2.875,2.125,2.375,3.25,2,2.5,2.75,1,0,Industrial,1
69,12,57,Census Tract 23,1490348,66323,70,33.65,46,0,22,0.5,8.5,12.5,20.5,8,0,4.5,5.5,2.5,2.5,2.5,3,2,3,2,3,3,2.5,3,2.5,2.5,3,1,0,Industrial,3
70,12,57,Census Tract 25,2568676,107626,71,30.63333333,100.5555556,0.333333333,52.44444444,1.111111111,32.88888889,77.88888889,41.44444444,12.66666667,5.111111111,10.22222222,13.66666667,1.888888889,1.666666667,2.777777778,2,2.111111111,2.222222222,1.888888889,2.444444444,2.888888889,2.444444444,3,2.111111111,2.888888889,3.222222222,0.945606653,0,Industrial,1
71,12,57,Census Tract 27,3485641,102393,72,33.28888889,31.66666667,1.555555556,15.88888889,0.555555556,3.777777778,26.33333333,11.88888889,1.555555556,0.111111111,1.444444444,6.888888889,2,1.777777778,2.666666667,2,2.111111111,2.111111111,2.222222222,2,2,1.777777778,2.111111111,1.888888889,2.555555556,2.333333333,0.650300338,0,Industrial,1
72,12,57,Census Tract 28,1699269,104282,73,44.5,47,0,23,3,9,21,25,9,3,2,5,1,1,2,2,2,2,3,4,3,1,4,1,4,1,1,0,Residential,1
73,12,57,Census Tract 29,1312385,0,74,22.83,16,0,7.9,0.6,3.6,4.6,8.7,7.1,0,0.7,1.5,1.7,1.8,2.5,2.3,2,2.8,2,2.6,2.8,1.6,2.5,1.5,2.5,3.3,0.867808605,0,Residential,2
74,12,57,Census Tract 30,1319130,19440,75,0,0,0,0,0,0,0,4,0,0,0,0,2.5,2.5,2.5,3,2,2.5,2.5,3,2.5,3,3.5,2,3,2,1,0,Industrial,1
75,12,57,Census Tract 31,1305317,3098,76,28.5,23,0,13,1,2,16,8,0,0,4,2,1,1,4,2,2,2,1,1,1,3,3,1,3,2,1,0,Industrial,1
76,12,57,Census Tract 34,1337127,0,77,35.5,11,0,3,1,1,0,2,7,0,0,0,3,1,4,1,1,4,1,1,1,1,4,1,1,5,1,0,Residential,3
77,12,57,Census Tract 35,1546707,14687,78,39.875,2.5,0,1.75,0,0.25,0,1.5,2.5,0,0.25,0.5,1.25,2,2.75,2.75,2.25,3.75,2,2.75,2,2.75,3.5,2.5,3.5,2.5,1,0,Industrial,1
78,12,57,Census Tract 36,3981568,47940,79,36.52222222,26.22222222,0.222222222,12.77777778,1.222222222,5,4.777777778,10.88888889,21,0.555555556,1.333333333,4.333333333,1.555555556,1.666666667,2.888888889,2.333333333,2.333333333,2.444444444,2.555555556,3,2.555555556,2,3.222222222,1.888888889,3.222222222,3.111111111,0.811882749,0,Industrial,1
79,12,57,Census Tract 37,9114012,1375188,80,5.967241379,2.982758621,0.206896552,7.275862069,0.155172414,0.586206897,9.068965517,1.413793103,13.51724138,0.465517241,0.172413793,0.5,1.413793103,1.517241379,2.103448276,1.75862069,1.724137931,2.017241379,1.517241379,1.75862069,1.879310345,1.586206897,2.655172414,1.551724138,2.068965517,2.068965517,0.850321273,0,Industrial,2
80,12,57,Census Tract 38,2168783,1485,81,15.325,8.5,0,3.875,0.625,0.625,1.625,2.75,7.75,0,0.25,0.5,1.625,1.5,2.375,2.25,1.875,1.875,1.625,2.125,2.5,1.625,2.75,1.875,2.625,1.875,0.778472255,0,Residential,1
81,12,57,Census Tract 39,1682183,0,82,9.554545455,2.757575758,0.03030303,1,0.03030303,1,0.393939394,2.060606061,0.666666667,0.090909091,0.03030303,0.272727273,1.636363636,1.575757576,2.333333333,1.96969697,1.818181818,2.393939394,2,2.484848485,2.121212121,2,2.727272727,2,2.121212121,2.484848485,0.888000297,0,Industrial,1
82,12,57,Census Tract 45,1889291,0,83,30.94375,44.375,0,19.8125,1.5625,6.9375,32.375,14.9375,9.25,0.5625,3.8125,5.25,1.5,1.4375,2.1875,1.625,1.5625,1.875,1.4375,1.9375,2,1.625,2.375,1.8125,1.75,1.6875,0.390777547,0,Residential,1
83,12,57,Census Tract 47,1808624,6733,84,11.32777778,11.61111111,0.888888889,5.333333333,0.222222222,5.666666667,2.277777778,8.666666667,0.944444444,0.055555556,0.444444444,2.5,1.333333333,1.666666667,2.5,2.166666667,1.833333333,2.722222222,2.055555556,2.055555556,2.055555556,1.777777778,2.666666667,1.944444444,2.166666667,2.444444444,0.228706564,0,Industrial,1
84,12,57,Census Tract 48,2546601,1355,85,37.14117647,16.41176471,0.117647059,8.058823529,0.823529412,2.294117647,6.470588235,9.235294118,2.176470588,0.058823529,0.294117647,3.823529412,1.647058824,1.882352941,2.529411765,2.058823529,1.823529412,2.705882353,1.705882353,1.823529412,2.176470588,1.882352941,2.882352941,1.764705882,2.470588235,2.058823529,0.242229015,0,Industrial,1
85,12,57,Census Tract 41,657369,0,86,16.07096774,55.48387097,0.129032258,33.03225806,0.451612903,22.58064516,8.096774194,26.93548387,45.16129032,0.35483871,7.096774194,3.129032258,1.451612903,1.290322581,1.967741935,1.612903226,1.612903226,1.870967742,1.451612903,1.709677419,1.741935484,1.451612903,2.096774194,1.387096774,1.838709677,1.903225806,0.795582167,0,Industrial,1
86,12,57,Census Tract 42,1031307,68933,87,10.58627451,3.62745098,0.235294118,3.470588235,0.215686275,0.588235294,1.352941176,2.176470588,3.705882353,0.058823529,0.568627451,0.509803922,1.490196078,1.352941176,1.960784314,1.568627451,1.490196078,1.960784314,1.549019608,2.058823529,1.921568627,1.647058824,2.274509804,1.470588235,1.784313725,1.882352941,0.742057173,0,Residential,2
87,12,57,Census Tract 44,949009,0,88,35.31666667,36.5,0,18.5,2.166666667,6.166666667,15,16.66666667,20,0,3,3.833333333,1.5,1.333333333,2.333333333,1.666666667,1.833333333,2.333333333,2,2.166666667,2.333333333,2.166666667,2.333333333,1.666666667,2.333333333,2.166666667,0.80516385,0,Industrial,1
88,12,57,Census Tract 49,1813475,0,89,26.83076923,22,0,10.23076923,0.692307692,3.846153846,4.230769231,10,9.923076923,0.076923077,1.384615385,2.461538462,1.692307692,1.461538462,2.461538462,1.923076923,1.846153846,2.307692308,1.923076923,2,1.846153846,1.923076923,2.230769231,1.846153846,1.923076923,2.307692308,0.0651894,0.027272727,Industrial,1
89,12,57,Census Tract 50,1829392,78493,90,23.07,9.433333333,0.7,23.16666667,0.433333333,1.9,3.866666667,4.533333333,10.26666667,0.133333333,0.366666667,1.833333333,1.666666667,1.6,2.266666667,1.933333333,1.966666667,2.533333333,1.933333333,2.233333333,2.366666667,2,2.9,2,2.566666667,2.833333333,0.218723124,0.169097222,Industrial,1
90,12,57,Census Tract 57,1732951,0,91,26.75,17.7,1.1,9.3,0.5,3.7,1.9,10.5,0.6,0,1.2,1.6,1.4,1.6,2.6,2.4,2,3,1.7,2.5,2.4,2.2,3.6,2.1,2.2,3.3,0.038172416,0,Residential,1
91,12,57,Census Tract 58,2988608,0,92,38.5875,41.33333333,1.583333333,21.20833333,1.541666667,4.5,6.25,19.125,0.458333333,0.291666667,2.333333333,5.625,1.666666667,1.75,2.5,2.291666667,1.958333333,2.791666667,2,2.416666667,2.208333333,2.125,2.708333333,1.916666667,2.375,3.166666667,0.215672619,0,Industrial,3
92,12,57,Census Tract 55,948574,62322,93,19.66666667,18.46666667,0.866666667,10.26666667,0.266666667,7,1.4,12.46666667,0.333333333,0.2,1.066666667,0.6,2.133333333,1.933333333,2.266666667,1.933333333,2.333333333,2.8,1.866666667,2.333333333,2,2,3.066666667,2.133333333,2.466666667,2.666666667,0.107935849,0.985507246,Industrial,1
93,12,57,Census Tract 63,1795213,0,94,43.1,38,0,20,1.5,2.25,5.5,17.25,0,0,1.75,3.25,1.75,1.75,2.25,2,2,2,1.5,2.25,2.25,2,2.25,2.5,2.25,2.5,0,0,Residential,1
94,12,57,Census Tract 66,1951483,37925,95,39.33333333,149.5833333,6.583333333,111.3333333,5.25,41.58333333,33.33333333,91.91666667,19.58333333,0.833333333,5.666666667,57.41666667,1.25,1.166666667,1.666666667,1.583333333,1.333333333,2,1.416666667,1.666666667,2,1.5,2.416666667,1.583333333,1.833333333,1.75,0.183707458,0,Residential,1
95,12,57,Census Tract 68.01,1962702,14718,96,45.9,102.6,3,47.5,0.5,56.6,9.6,66.5,10.4,0.9,3.3,16.4,1.5,1.7,2.1,1.6,1.6,2,1.5,1.7,1.9,1.7,2.3,1.5,2.2,1.7,0.001759989,0.116883117,Industrial,2
96,12,57,Census Tract 40,422227,0,97,0,0,0,0,0,0,0,0,0,0,0,0,1.444444444,1.333333333,2.111111111,1.777777778,1.555555556,2.222222222,1.777777778,2.222222222,2.333333333,1.444444444,2,1.777777778,2.222222222,2.333333333,0.597583547,0,Residential,1
97,12,57,Census Tract 18,2395981,2446,98,27.15,12.5,0,7,1,2,0,7,12.5,0,0,4,1,1,1,1,1,1,1,1,1,1,1,1,1,1,1,0,Institutional,1
98,12,57,Census Tract 102.05,7347058,230762,99,39.4,381,30.33333333,198.6666667,10.33333333,6.666666667,49,128.3333333,29,0,23.66666667,36,1.666666667,1.666666667,3.333333333,3,2.333333333,3.333333333,2.333333333,2.666666667,3.333333333,1.666666667,4.333333333,1.666666667,2.666666667,4.333333333,0.813845902,0,Institutional,2
99,12,57,Census Tract 116.13,2987662,44192,100,32.34,66.6,2.4,67,1.2,20.8,60,29,14.4,0.4,7.2,39.6,1.4,1.6,3.6,2.2,2,2.4,2,3,2.2,1.6,3,1.8,3.2,2.6,0.679007202,0,Industrial,1
100,12,57,Census Tract 117.06,3617078,55152,101,42.02380952,248.6190476,16.52380952,124.6666667,5.238095238,77.23809524,113.3333333,114.2380952,32.42857143,3.095238095,16.52380952,17.33333333,1.523809524,1.380952381,2.714285714,1.904761905,1.857142857,2.571428571,2,2.714285714,2.523809524,2,2.619047619,1.80952381,2.285714286,2.476190476,0.480922425,0.102829538,Industrial,1
101,12,57,Census Tract 118.04,3222491,81908,102,13.19615385,66.07692308,3.230769231,35.15384615,2.115384615,9.846153846,53.53846154,23.42307692,4.230769231,0.692307692,5.346153846,6.115384615,1.807692308,1.615384615,2.269230769,1.807692308,1.923076923,2.5,1.769230769,2.153846154,2.038461538,1.846153846,2.961538462,1.807692308,2.307692308,2.461538462,0.824105452,0,Residential,2
102,12,57,Census Tract 61.03,1231612,378333,103,51.22,76.2,1,41.6,0.8,18.4,5.4,54,1.4,0,2,26.2,1.6,2,3,2.4,2.4,3,2.2,2.8,3,2.6,4.2,2.6,2.8,3.2,0.097903333,0.025641026,Residential,3
103,12,57,Census Tract 110.13,3215555,351143,104,26.7,621.4,50.8,326.1,6.7,208.9,104.4,332.3,116.4,4.5,44.3,20.1,1.3,1.6,2.5,1.9,2.1,2.4,1.9,2.4,2.2,1.6,2.5,1.7,2.5,2.5,0.864522155,0,Institutional,1
104,12,57,Census Tract 108.12,834259,11677,105,12.55,62,3.5,30.5,0,33.5,6.5,38,17.5,1,2.5,0.5,1,1.5,3,2.5,3,3,2,1.5,3,2.5,4.5,2.5,3,2.5,1,0,Industrial,1
105,12,57,Census Tract 10.01,2829274,285093,106,35.8109375,155.84375,0.1875,82.59375,7.15625,21.78125,21.6875,60.765625,102.859375,0.3125,17.09375,17.921875,1.328125,1.25,1.78125,1.609375,1.609375,1.953125,1.4375,1.828125,1.828125,1.484375,2.21875,1.421875,1.765625,2.03125,0.775185539,0,Institutional,2
106,12,57,Census Tract 117.08,3931241,1754019,107,9.87,120.4,5.4,61.35,0.65,57.25,16.8,79.95,7.35,1.4,2.9,9.5,1.4,1.7,2.05,1.85,1.7,2.3,1.55,1.8,1.95,1.85,2.45,1.9,2.05,2.2,0.386113641,0,Industrial,1
107,12,57,Census Tract 1.01,3335736,47559,108,19.2826087,536.6086957,38.91304348,276.826087,0.130434783,227.173913,73.2173913,283.8695652,69.91304348,2.739130435,12.86956522,2.260869565,1.434782609,1.52173913,2.47826087,1.869565217,1.956521739,2.260869565,1.782608696,1.956521739,2.173913043,1.608695652,2.347826087,1.739130435,2.130434783,2.304347826,1,0,Industrial,3
108,12,57,Census Tract 108.09,1301327,5441,109,48.5,83,2,46,3,11,15,37,6,0,7,17,1,1,4,3,3,4,1,3,4,3,5,3,3,2,1,0,Residential,1
109,12,57,Census Tract 108.17,1068552,28578,110,28.525,463.25,0.25,242,8.25,126.75,259.25,234.5,88.5,4.75,49.5,35.5,1.5,1.25,1.5,1.75,2,2,2,2.5,2,1.5,2.25,1,2,2.5,0.626296675,0,Institutional,1
110,12,57,Census Tract 51.01,1866209,140886,111,4.810091743,10.03669725,0.513761468,3.990825688,0,4.19266055,2.04587156,9.275229358,0.706422018,0.119266055,0.19266055,1.513761468,1.440366972,1.532110092,1.908256881,1.614678899,1.688073394,2.183486239,1.568807339,1.889908257,1.798165138,1.733944954,2.348623853,1.651376147,2.165137615,2.174311927,0.642728894,0.041410085,Industrial,1
111,12,57,Census Tract 69,3000707,534093,112,40.49,193.8,9,93.2,3,59,22.8,123.6,16.5,3.8,14.7,24.3,1.5,2,2.9,2.1,2,2.8,2.1,2.4,2.7,1.8,3.5,1.7,2.5,2.5,0.138992873,0.693181818,Industrial,1
112,12,57,Census Tract 26,6812925,107204,113,14.4,1.882352941,0,1.058823529,0,0.705882353,2.941176471,1.058823529,8.235294118,0,0.117647059,0.529411765,1.529411765,1.470588235,2.352941176,1.705882353,2,2.411764706,1.823529412,2.470588235,2.411764706,1.588235294,2.705882353,1.823529412,2.588235294,2.470588235,0.510781849,0,Industrial,1
113,12,57,Census Tract 9803,23332495,352256,114,14.25,2.5,0,1.5,0,1,0,0,0,0,0.5,0,1,1,1.5,1.5,1,2.5,2,1.5,2,1,2.5,1,2,3,1,0,Residential,3
114,12,57,Census Tract 2.02,1950904,33570,115,43.9,91.66666667,4.333333333,44.66666667,2,29.33333333,22.33333333,61.33333333,44.66666667,0,4.666666667,12,2,2,2.666666667,1,2.333333333,3,2.333333333,3.333333333,2,2,4.333333333,2,3.666666667,2.333333333,0.67941725,0,Industrial,1
115,12,57,Census Tract 2.01,988663,6988,116,49,142.6666667,2,79,1.666666667,89,55,107.3333333,25,3.666666667,12.33333333,55.33333333,1.333333333,2,3,2.666666667,2.333333333,3.333333333,2.666666667,3.666666667,2.333333333,2.333333333,2.666666667,2.666666667,4,3,1,0,Residential,1
116,12,57,Census Tract 110.15,12874452,613577,117,31.15217391,888.6521739,36.56521739,463.7391304,9.47826087,277.0434783,114.3478261,451.6086957,136.5652174,6.173913043,46.30434783,60.47826087,1.434782609,1.304347826,2,1.739130435,1.608695652,2.043478261,1.739130435,2.347826087,1.913043478,1.695652174,2.52173913,1.782608696,1.956521739,2.173913043,0.995290513,0,Residential,1
117,12,57,Census Tract 108.14,668988,37301,118,38.8,753,25,395,9,325,220,415,272,8,46,134,1,2,1.5,2,2,2.5,1.5,2.5,1.5,1.5,1.5,1.5,2,1.5,1,0,Residential,1
118,12,57,Census Tract 108.16,1260260,57099,119,1.05,10.36666667,0.066666667,5.933333333,0.033333333,4.366666667,1.9,5.7,6.433333333,0.1,1.1,0.633333333,1.6,1.4,2.166666667,1.9,1.766666667,2.066666667,1.733333333,2.166666667,2.233333333,1.666666667,2.566666667,1.933333333,2.266666667,2.566666667,0.786084082,0,Industrial,3
119,12,57,Census Tract 9.02,1344488,360683,120,25.05,285,11.375,145.875,6.5,84.375,45.25,145.625,188.25,1.75,27.375,11.125,1.75,1.875,2.5,2.125,2,3.5,2,2.5,2.375,1.75,3.5,1.625,1.875,3.125,0.985318675,0,Industrial,3
120,12,57,Census Tract 105.01,1931860,123222,121,28.76666667,27,0.333333333,13,2.333333333,3,2,14,16,0,3,1.333333333,1,1,1,1,1,1,1,1,1,1,1,1,1,1,1,0,Industrial,3
121,12,57,Census Tract 119.06,1560086,4190,122,43.5,10,0,4,0,2,10,7,0,0,1,3,1,1,1,1,1,1,1,1,1,1,1,1,1,1,1,0,Institutional,1
122,12,57,Census Tract 9806,9514307,84276,123,0,0,0,0,0,0,0,0,0,0,0,0,1.692307692,2,2.384615385,1.769230769,2.076923077,2.846153846,1.923076923,2,2.230769231,2.153846154,2.461538462,2,2.461538462,3,0.370261136,0,Institutional,1
123,12,57,Census Tract 46,5944125,804937,124,13.37954545,83.09090909,4.340909091,41.5,1.045454545,41.11363636,22.09090909,65.63636364,18.68181818,0.590909091,4.022727273,5.772727273,1.568181818,1.727272727,2.613636364,2.022727273,2.045454545,2.227272727,2.022727273,2.431818182,2.159090909,1.909090909,2.909090909,1.954545455,2.477272727,2.590909091,0.281251399,0,Institutional,1
124,12,57,Census Tract 53.02,7890972,3538581,125,12.85,17.5,0,8.375,0,3.625,12.75,6.5,2.5,0,1.375,1.125,1.375,2.375,2.875,2,2,2.75,1.75,2.625,2.75,2,2.75,2,2.375,2.25,0.348412033,0.512445887,Institutional,1
125,12,57,Census Tract 136.04,19636822,6664634,126,0,0,0,0,0,0,0,0,0,0,0,0,1,2,3,2.5,2.5,3,2,1.5,2,2.5,3.5,2,3,2.5,0.955850661,0,Residential,3
126,12,57,Census Tract 122.11,9674775,131232,127,1.638888889,0,0.222222222,13.77777778,0,0,25.16666667,0,67.94444444,0.055555556,0,0.777777778,1.5,1.5,1.833333333,1.5,1.666666667,2.166666667,1.666666667,2.111111111,1.444444444,1.833333333,2.888888889,1.722222222,2.277777778,1.944444444,0.91624916,0,Institutional,3
127,12,57,Census Tract 10.02,2799944,90373,128,39.67857143,39.28571429,0.214285714,22.57142857,3.285714286,3.357142857,3.785714286,15.85714286,32.5,0.285714286,1.714285714,6.785714286,1.357142857,1.142857143,2.571428571,1.785714286,1.5,2.214285714,1.785714286,2.714285714,2.214285714,1.357142857,2.428571429,1.642857143,1.928571429,1.785714286,1,0,Residential,1
128,12,57,Census Tract 119.05,660576,0,129,9.433333333,8.666666667,0,4,0.666666667,0.666666667,6.666666667,3,0,0,1,0,1.333333333,1,2.333333333,1.666666667,2,2.333333333,1.666666667,1.666666667,2.333333333,2,2.666666667,2,2.333333333,3.666666667,0.849921049,0,Industrial,1
