,dc_id,node1,node2,Waterlevel,Initially-failed,Cascaded-failed
0,P-1,J-103410,A-25129,0,0,0
1,P-2,A-25129,J-122578,0,0,0
2,P-3,J-106630,A-64793,0,0,0
3,P-4,A-64793,J-46942,0,0,0
4,P-5,J-110505,A-65604,0,0,0
5,P-6,A-65604,J-110839,0,0,0
6,P-7,J-114308,A-65009,5.96075,1,1
7,P-8,A-65009,J-102423,5.96075,1,1
8,P-9,J-47718,A-64104,0,0,0
9,P-10,A-64104,J-83368,0,0,0
10,P-11,J-41881,A-66701,0,0,1
11,P-12,A-66701,J-55466,0,0,1
12,P-13,J-59560,A-39663,0,0,0
13,P-14,A-39663,J-88803,0,0,0
14,P-15,J-94654,A-65706,0,0,0
15,P-16,A-65706,J-82165,0,0,0
16,P-17,J-85488,A-66554,0,0,0
17,P-18,A-66554,J-116643,0,0,0
18,P-19,J-103535,A-66141,0,0,0
19,P-20,A-66141,J-48907,0,0,0
20,P-21,J-75921,A-9205,0,0,0
21,P-22,A-9205,J-48702,0,0,0
22,P-23,J-110665,A-66085,0,0,0
23,P-24,A-66085,J-106630,0,0,0
24,P-25,J-93533,A-65946,0,0,0
25,P-26,A-65946,J-108773,0,0,0
26,P-27,J-28062,A-18664,0,0,0
27,P-28,A-18664,J-119757,0,0,0
28,P-29,J-72274,A-17684,0,0,0
29,P-30,A-17684,J-49245,0,0,0
30,P-31,J-87654,A-60779,0,0,1
31,P-32,A-60779,J-104000,0,0,1
32,P-33,J-122578,A-60781,0,0,0
33,P-34,A-60781,J-106856,0,0,0
34,P-35,J-90486,A-30747,0,0,0
35,P-36,A-30747,J-102560,0,0,0
36,P-37,J-97560,A-60756,0,0,1
37,P-38,A-60756,J-45478,0,0,1
38,P-39,J-118943,A-60601,0,0,0
39,P-40,A-60601,J-54603,0,0,0
40,P-41,J-41431,A-60638,0,0,0
41,P-42,A-60638,J-28041,0,0,0
42,P-43,J-104569,A-60749,0,0,0
43,P-44,A-60749,J-124065,0,0,0
44,P-45,J-91027,A-30231,0,0,0
45,P-46,A-30231,J-117382,0,0,0
46,P-47,J-107022,A-63569,0,0,0
47,P-48,A-63569,J-99433,0,0,0
48,P-49,J-112062,A-63929,0,0,1
49,P-50,A-63929,J-47516,0,0,1
50,P-51,J-81734,A-66461,0,0,0
51,P-52,A-66461,J-115040,0,0,0
52,P-53,J-47791,A-66590,5.38192,1,1
53,P-54,A-66590,J-106389,5.32296,1,1
54,P-55,J-66628,A-61295,0,0,0
55,P-56,A-61295,J-71612,0,0,0
56,P-57,J-92112,A-61364,0,0,0
57,P-58,A-61364,J-71962,0,0,0
58,P-59,J-102209,A-61757,0,0,1
59,P-60,A-61757,J-33691,0,0,1
60,P-61,J-119349,A-66156,0,0,0
61,P-62,A-66156,J-36793,0,0,0
62,P-63,J-93182,A1875097,0,0,1
63,P-64,A1875097,J-88148,0,0,1
64,P-65,J-50311,A-66479,0,0,0
65,P-66,A-66479,J-99576,0,0,0
66,P-67,J-107321,A-66478,0,0,0
67,P-68,A-66478,J-51813,0,0,0
68,P-69,J-97737,A1804203,0,0,0
69,P-70,A1804203,J-97738,0,0,0
70,P-71,J-102781,A-66500,6.02515,1,1
71,P-72,A-66500,J-102081,6.02515,1,1
72,P-73,J-91383,A-66359,0,0,1
73,P-74,A-66359,J-103541,0,0,1
74,P-75,J-86639,A1907390,0,0,0
75,P-76,A1907390,J-81372,0,0,0
76,P-77,J-68668,A1772239,0,0,0
77,P-78,A1772239,J-110995,0,0,0
78,P-79,J-33164,A1777182,0,0,1
79,P-80,A1777182,J-111238,0,0,1
80,P-81,J-79129,A1866706,0,0,0
81,P-82,A1866706,J-42787,0,0,0
82,P-83,J-47552,A1825950,0,0,0
83,P-84,A1825950,J-49748,0,0,0
84,P-85,J-83537,A-66430,0,0,0
85,P-86,A-66430,J-71962,0,0,0
86,P-87,J-70380,A-66426,0,0,1
87,P-88,A-66426,J-28259,0,0,1
88,P-89,J-67209,A1945974,0,0,0
89,P-90,A1945974,J-84365,0,0,0
90,P-91,J-47823,A-66470,6.02515,1,1
91,P-92,A-66470,J-84430,6.02515,1,1
92,P-93,J-69506,A-66202,0,0,1
93,P-94,A-66202,J-104962,0,0,1
94,P-95,J-102209,A-66218,0,0,1
95,P-96,A-66218,J-66243,0,0,1
96,P-97,J-74838,A-66227,0,0,0
97,P-98,A-66227,J-443,0,0,0
98,P-99,J-93089,A-66542,0,0,0
99,P-100,A-66542,J-99339,0,0,0
100,P-101,J-443,A-9076,0,0,0
101,P-102,A-9076,J-81524,0,0,0
102,P-103,J-44945,A-7788,0,0,0
103,P-104,A-7788,J-49209,0,0,0
104,P-105,J-60741,A-66543,5.85805,1,1
105,P-106,A-66543,J-29930,5.85805,1,1
106,P-107,J-104909,A-4365,0,0,1
107,P-108,A-4365,J-31175,0,0,1
108,P-109,J-49483,A1866696,0,0,0
109,P-110,A1866696,J-33214,0,0,0
110,P-111,J-95889,A-66341,0,0,1
111,P-112,A-66341,J-36544,0,0,1
112,P-113,J-24239,A1886380,0,0,0
113,P-114,A1886380,J-24235,0,0,0
114,P-115,J-81022,A-66311,0,0,0
115,P-116,A-66311,J-94526,0,0,0
116,P-117,J-41003,A-3641,0,0,0
117,P-118,A-3641,J-28148,0,0,0
118,P-119,J-111654,A-18535,0,0,1
119,P-120,A-18535,J-75662,0,0,1
120,P-121,J-27729,A-66304,0,0,0
121,P-122,A-66304,J-28289,0,0,0
122,P-123,J-112552,A-66629,0,0,0
123,P-124,A-66629,J-76431,0,0,0
124,P-125,J-24588,A-58693,0,0,0
125,P-126,A-58693,J-2486,0,0,0
126,P-127,J-78514,A-54292,0,0,0
127,P-128,A-54292,J-25905,0,0,0
128,P-129,J-45280,A-54728,0,0,1
129,P-130,A-54728,J-23915,0,0,1
130,P-131,J-23088,A-54676,0,0,0
131,P-132,A-54676,J-97737,0,0,0
132,P-133,J-68831,A-53840,0,0,0
133,P-134,A-53840,J-83537,0,0,0
134,P-135,J-27729,A-53586,0,0,0
135,P-136,A-53586,J-92211,0,0,0
136,P-137,J-111508,A-59840,0,0,0
137,P-138,A-59840,J-48569,0,0,0
138,P-139,J-103960,A-54258,0,0,1
139,P-140,A-54258,J-116858,0,0,1
140,P-141,J-66283,A-66653,0,0,0
141,P-142,A-66653,J-104041,0,0,0
142,P-143,J-78053,A-66679,0,0,0
143,P-144,A-66679,J-44070,0,0,0
144,P-145,J-44120,A-55029,0,0,0
145,P-146,A-55029,J-78868,0,0,0
146,P-147,J-41431,A-55335,0,0,0
147,P-148,A-55335,J-49837,0,0,0
148,P-149,J-128026,A-56393,0,0,0
149,P-150,A-56393,J-70290,0,0,0
150,P-151,J-109981,A-55372,0,0,0
151,P-152,A-55372,J-117901,0,0,0
152,P-153,J-42578,A-61069,0,0,0
153,P-154,A-61069,J-33689,0,0,0
154,P-155,J-104909,A-59824,0,0,1
155,P-156,A-59824,J-86276,0,0,1
156,P-157,J-99433,A-61217,0,0,0
157,P-158,A-61217,J-82797,0,0,0
158,P-159,J-90486,A-57148,0,0,0
159,P-160,A-57148,J-107952,0,0,0
160,P-161,J-79415,A-57164,0,0,0
161,P-162,A-57164,J-26641,0,0,0
162,P-163,J-49022,A-59966,0,0,0
163,P-164,A-59966,J-85672,0,0,0
164,P-165,J-93013,A-59613,0,0,0
165,P-166,A-59613,J-95344,0,0,0
166,P-167,J-54814,A-37398,0,0,0
167,P-168,A-37398,J-34195,0,0,0
168,P-169,J-81676,A-60405,0,0,0
169,P-170,A-60405,J-102143,0,0,0
170,P-171,J-115353,A-66666,0,0,0
171,P-172,A-66666,J-79196,0,0,0
172,P-173,J-36560,A-47542,0,0,0
173,P-174,A-47542,J-66191,0,0,0
174,P-175,J-78590,A-60003,0,0,0
175,P-176,A-60003,J-91395,0,0,0
176,P-177,J-69455,A-51332,0,0,0
177,P-178,A-51332,J-101555,0,0,0
178,P-179,J-79261,A-66662,0,0,0
179,P-180,A-66662,J-50348,0,0,0
180,P-181,J-118378,A-54531,0,0,0
181,P-182,A-54531,J-103410,0,0,0
182,P-183,J-105442,A-66673,0,0,0
183,P-184,A-66673,J-59481,0,0,0
184,P-185,J-99270,A-60530,0,0,0
185,P-186,A-60530,J-28041,0,0,0
186,P-187,J-42825,A-18782,0,0,0
187,P-188,A-18782,J-68513,0,0,0
188,P-189,J-119972,A-60486,0,0,0
189,P-190,A-60486,J-79655,0,0,0
190,P-191,J-84084,A-49728,0,0,0
191,P-192,A-49728,J-97046,0,0,0
192,P-193,J-102781,A2829431,6.72032,1,1
193,P-194,A2829431,J-106459,6.72032,1,1
194,P-195,J-3989,A-60694,0,0,0
195,P-196,A-60694,J-81347,0,0,0
196,P-197,J-51252,A-48337,0,0,0
197,P-198,A-48337,J-67463,0,0,0
198,P-199,J-82165,A-66641,0,0,0
199,P-200,A-66641,J-68668,0,0,0
200,P-201,J-107343,A-64484,0,0,0
201,P-202,A-64484,J-81932,0,0,0
202,P-203,J-83368,A-51138,0,0,0
203,P-204,A-51138,J-83624,0,0,0
204,P-205,J-67463,A-66322,0,0,0
205,P-206,A-66322,J-72274,0,0,0
206,P-207,J-81347,A-10671,0,0,0
207,P-208,A-10671,J-60521,0,0,0
208,P-209,J-48352,A-66597,0,0,0
209,P-210,A-66597,J-60427,0,0,0
210,P-211,J-115889,A-66488,0,0,1
211,P-212,A-66488,J-100504,0,0,1
212,P-213,J-80876,A-66262,0,0,0
213,P-214,A-66262,J-110453,0,0,0
214,P-215,J-97391,A-66691,0,0,1
215,P-216,A-66691,J-98520,0,0,1
216,P-217,J-78868,A-66536,0,0,1
217,P-218,A-66536,J-119431,0,0,1
218,P-219,J-79128,A1866705,0,0,0
219,P-220,A1866705,J-79129,0,0,0
220,P-221,J-113598,A-64675,0,0,0
221,P-222,A-64675,J-76652,0,0,0
222,P-223,J-24541,A-25320,0,0,0
223,P-224,A-25320,J-78514,0,0,0
224,P-225,J-48907,A-58540,0,0,0
225,P-226,A-58540,J-72434,0,0,0
226,P-227,J-104778,A-66674,0,0,0
227,P-228,A-66674,J-93312,0,0,0
228,P-229,J-95825,A-63935,0,0,0
229,P-230,A-63935,J-80757,0,0,0
230,P-231,J-25809,A-14667,0,0,0
231,P-232,A-14667,J-61699,0,0,0
232,P-233,J-48588,A-66681,0,0,0
233,P-234,A-66681,J-89952,0,0,0
234,P-235,J-101425,A-66402,0,0,0
235,P-236,A-66402,J-99897,0,0,0
236,P-237,J-116295,A-66647,0,0,0
237,P-238,A-66647,J-112548,0,0,1
238,P-239,J-47389,A-46831,0,0,1
239,P-240,A-46831,J-97560,0,0,1
240,P-241,J-115591,A-66497,0,0,0
241,P-242,A-66497,J-37115,0,0,0
242,P-243,J-43778,A-66270,0,0,0
243,P-244,A-66270,J-70246,0,0,0
244,P-245,J-49059,A-66588,0,0,0
245,P-246,A-66588,J-111508,0,0,0
246,P-247,J-104962,A-66618,0,0,1
247,P-248,A-66618,J-24880,0,0,1
248,P-249,J-103386,A-66710,5.96075,1,1
249,P-250,A-66710,J-116009,5.96075,1,1
250,P-251,J-90538,A-60296,0,0,0
251,P-252,A-60296,J-97894,0,0,0
252,P-253,J-120573,A-59727,0,0,0
253,P-254,A-59727,J-19419,0,0,0
254,P-255,J-97046,A-59870,0,0,0
255,P-256,A-59870,J-103535,0,0,0
256,P-257,J-105442,A-25955,0,0,0
257,P-258,A-25955,J-98990,0,0,0
258,P-259,J-80904,A-63166,0,0,0
259,P-260,A-63166,J-92702,0,0,0
260,P-261,J-48907,A-66136,0,0,0
261,P-262,A-66136,J-101635,0,0,0
262,P-263,J-105845,A-66638,0,0,0
263,P-264,A-66638,J-79261,0,0,0
264,P-265,J-111021,A-64344,0,0,1
265,P-266,A-64344,J-47930,0,0,1
266,P-267,J-111608,A-66583,0,0,1
267,P-268,A-66583,J-63831,0,0,1
268,P-269,J-77733,A-66547,0,0,0
269,P-270,A-66547,J-111859,0,0,0
270,P-271,J-78870,A1862006,0,0,0
271,P-272,A1862006,J-104023,0,0,0
272,P-273,J-97393,A-66381,0,0,0
273,P-274,A-66381,J-46924,0,0,0
274,P-275,J-27690,A-66651,0,0,1
275,P-276,A-66651,J-88941,6.06417,1,1
276,P-277,J-105806,A-66121,0,0,0
277,P-278,A-66121,J-88772,0,0,0
278,P-279,J-88803,A-66037,0,0,0
279,P-280,A-66037,J-101066,0,0,0
280,P-281,J-28247,A-66585,0,0,0
281,P-282,A-66585,J-115493,0,0,0
282,P-283,J-86396,A-52126,5.96075,1,1
283,P-284,A-52126,J-114308,5.96075,1,1
284,P-285,J-49748,A-66366,0,0,0
285,P-286,A-66366,J-60427,0,0,0
286,P-287,J-76652,A-59708,0,0,0
287,P-288,A-59708,J-84071,0,0,0
288,P-289,J-101822,A-24898,0,0,0
289,P-290,A-24898,J-110087,0,0,0
290,P-291,J-29930,A-4056,5.85805,1,1
291,P-292,A-4056,J-88962,5.85805,1,1
292,P-293,J-119248,A-66605,0,0,0
293,P-294,A-66605,J-81734,0,0,0
294,P-295,J-103386,A-66697,5.96075,1,1
295,P-296,A-66697,J-116009,5.96075,1,1
296,P-297,J-115214,A-66313,0,0,1
297,P-298,A-66313,J-113673,0,0,1
298,P-299,J-83611,A-4789,0,0,0
299,P-300,A-4789,J-32962,0,0,0
300,P-301,J-47552,A-66614,0,0,0
301,P-302,A-66614,J-61974,0,0,0
302,P-303,J-115457,A-66694,0,0,0
303,P-304,A-66694,J-80757,0,0,0
304,P-305,J-101066,A1942015,0,0,0
305,P-306,A1942015,J-84044,0,0,0
306,P-307,J-120964,A-66172,0,0,0
307,P-308,A-66172,J-79196,0,0,0
308,P-309,J-92025,A-59400,0,0,0
309,P-310,A-59400,J-92336,0,0,0
310,P-311,J-119891,A-66143,0,0,1
311,P-312,A-66143,J-81208,0,0,1
312,P-313,J-60885,A-55784,0,0,1
313,P-314,A-55784,J-93200,0,0,1
314,P-315,J-101635,A-52883,0,0,0
315,P-316,A-52883,J-33214,0,0,0
316,P-317,J-47930,A-66298,0,0,1
317,P-318,A-66298,J-51547,0,0,1
318,P-319,J-96743,A-59770,0,0,0
319,P-320,A-59770,J-110839,0,0,0
320,P-321,J-92974,A-65632,0,0,0
321,P-322,A-65632,J-92929,0,0,0
322,P-323,J-101555,A-56329,0,0,0
323,P-324,A-56329,J-49052,0,0,0
324,P-325,J-49929,A-1521,0,0,1
325,P-326,A-1521,J-20545,0,0,1
326,P-327,J-100914,A-66667,0,0,1
327,P-328,A-66667,J-90884,0,0,1
328,P-329,J-92211,A1783002,0,0,0
329,P-330,A1783002,J-75802,0,0,0
330,P-331,J-101555,A-24829,0,0,0
331,P-332,A-24829,J-111717,0,0,0
332,P-333,J-100304,A-66374,0,0,0
333,P-334,A-66374,J-70940,0,0,0
334,P-335,J-506,A-63710,0,0,1
335,P-336,A-63710,J-113809,0,0,1
336,P-337,J-85872,A-66334,0,0,1
337,P-338,A-66334,J-66243,0,0,1
338,P-339,J-33185,A-59731,0,0,0
339,P-340,A-59731,J-122276,0,0,0
340,P-341,J-92702,A-56463,0,0,0
341,P-342,A-56463,J-86423,0,0,0
342,P-343,J-119431,A-66704,0,0,1
343,P-344,A-66704,J-98520,0,0,1
344,P-345,J-103541,A-66592,0,0,1
345,P-346,A-66592,J-111890,0,0,0
346,P-347,J-77327,A-66610,0,0,1
347,P-348,A-66610,J-111021,0,0,1
348,P-349,J-124909,A-66498,0,0,1
349,P-350,A-66498,J-111539,0,0,1
350,P-351,J-70167,A-66516,0,0,0
351,P-352,A-66516,J-122276,0,0,0
352,P-353,J-59542,A-66576,0,0,0
353,P-354,A-66576,J-80876,0,0,0
354,P-355,J-33202,A-66431,0,0,0
355,P-356,A-66431,J-92025,0,0,0
356,P-357,J-98507,A-60373,0,0,0
357,P-358,A-60373,J-109137,0,0,0
358,P-359,J-65967,A-66507,0,0,1
359,P-360,A-66507,J-47389,0,0,1
360,P-361,J-49584,A-66599,0,0,0
361,P-362,A-66599,J-48085,0,0,0
362,P-363,J-95540,A-60676,0,0,0
363,P-364,A-60676,J-78956,0,0,0
364,P-365,J-70940,A-16191,0,0,0
365,P-366,A-16191,J-66133,0,0,0
366,P-367,J-119757,A-45760,0,0,0
367,P-368,A-45760,J-49483,0,0,0
368,P-369,J-111508,A-66309,0,0,0
369,P-370,A-66309,J-49837,0,0,0
370,P-371,J-120328,A-59107,0,0,0
371,P-372,A-59107,J-123560,0,0,0
372,P-373,J-113086,A1776064,0,0,0
373,P-374,A1776064,J-3989,0,0,0
374,P-375,J-81347,A-65878,0,0,0
375,P-376,A-65878,J-103751,0,0,0
376,P-377,J-108831,A-45039,0,0,0
377,P-378,A-45039,J-113598,0,0,0
378,P-379,J-115604,A-66546,5.85805,1,1
379,P-380,A-66546,J-60741,5.85805,1,1
380,P-381,J-81734,A-65642,0,0,0
381,P-382,A-65642,J-88803,0,0,0
382,P-383,J-69893,A-66631,0,0,0
383,P-384,A-66631,J-43778,0,0,0
384,P-385,J-61776,A-66556,0,0,0
385,P-386,A-66556,J-127351,0,0,0
386,P-387,J-110995,A-66658,0,0,0
387,P-388,A-66658,J-112511,0,0,0
388,P-389,J-104917,A-66665,0,0,0
389,P-390,A-66665,J-79261,0,0,0
390,P-391,J-117446,A-66594,0,0,0
391,P-392,A-66594,J-94595,0,0,0
392,P-393,J-49128,A-66721,0,0,0
393,P-394,A-66721,J-84196,0,0,0
394,P-395,J-79196,A-53952,0,0,0
395,P-396,A-53952,J-101635,0,0,0
396,P-397,J-30124,A-59797,0,0,0
397,P-398,A-59797,J-44811,0,0,0
398,P-399,J-115493,A-66713,0,0,0
399,P-400,A-66713,J-110509,0,0,0
400,P-401,J-42053,A-39252,0,0,0
401,P-402,A-39252,J-103751,0,0,0
402,P-403,J-92112,A-61397,0,0,0
403,P-404,A-61397,J-48702,0,0,0
404,P-405,J-81024,A-64352,0,0,0
405,P-406,A-64352,J-68831,0,0,0
406,P-407,J-42719,A-66243,0,0,1
407,P-408,A-66243,J-23976,0,0,1
408,P-409,J-76247,A-66211,0,0,1
409,P-410,A-66211,J-49929,0,0,1
410,P-411,J-122578,A-59314,0,0,0
411,P-412,A-59314,J-73982,0,0,0
412,P-413,J-64295,A-55653,0,0,0
413,P-414,A-55653,J-61776,0,0,0
414,P-415,J-99639,A-61567,0,0,1
415,P-416,A-61567,J-47260,0,0,1
416,P-417,J-121107,A-10322,0,0,0
417,P-418,A-10322,J-51813,0,0,0
418,P-419,J-111313,A-66511,5.96075,1,1
419,P-420,A-66511,J-108665,5.96075,1,1
420,P-421,J-106999,A-57724,0,0,1
421,P-422,A-57724,J-47791,0,0,1
422,P-423,J-42719,A-66509,0,0,1
423,P-424,A-66509,J-23976,0,0,1
424,P-425,J-24826,A-66619,0,0,1
425,P-426,A-66619,J-96621,0,0,0
426,P-427,J-88148,A-46806,0,0,1
427,P-428,A-46806,J-90652,0,0,1
428,P-429,J-104270,A-66565,0,0,0
429,P-430,A-66565,J-115638,0,0,0
430,P-431,J-59724,A-66678,0,0,0
431,P-432,A-66678,J-62302,0,0,0
432,P-433,J-119591,A-66686,5.32296,1,1
433,P-434,A-66686,J-106389,5.32296,1,1
434,P-435,J-72482,A-60319,0,0,0
435,P-436,A-60319,J-98967,0,0,0
436,P-437,J-108348,A-60717,0,0,0
437,P-438,A-60717,J-103140,0,0,0
438,P-439,J-106057,A-66635,0,0,0
439,P-440,A-66635,J-87941,0,0,0
440,P-441,J-82048,A-66591,0,0,0
441,P-442,A-66591,J-48149,0,0,0
442,P-443,J-124538,A-43847,0,0,0
443,P-444,A-43847,J-71628,0,0,0
444,P-445,J-124538,A-60765,0,0,0
445,P-446,A-60765,J-104726,0,0,0
446,P-447,J-119972,A-60080,0,0,0
447,P-448,A-60080,J-108831,0,0,0
448,P-449,J-84507,A-60042,6.06417,1,1
449,P-450,A-60042,J-41923,6.06417,1,1
450,P-451,J-78121,A-66731,4.78186,1,1
451,P-452,A-66731,J-96711,4.78186,1,1
452,P-453,J-91029,A-55207,0,0,0
453,P-454,A-55207,J-81681,0,0,0
454,P-455,J-81927,A-66318,0,0,0
455,P-456,A-66318,J-48745,0,0,0
456,P-457,J-78590,A-60795,0,0,0
457,P-458,A-60795,J-128026,0,0,0
458,P-459,J-93312,A-66670,0,0,0
459,P-460,A-66670,J-67383,0,0,0
460,P-461,J-108831,A-66371,0,0,0
461,P-462,A-66371,J-44164,0,0,0
462,P-463,J-45889,A1803232,0,0,0
463,P-464,A1803232,J-38435,0,0,0
464,P-465,J-60521,A-66716,0,0,0
465,P-466,A-66716,J-84196,0,0,0
466,P-467,J-28868,A-66240,0,0,0
467,P-468,A-66240,J-86411,0,0,0
468,P-469,J-101852,A-60761,0,0,1
469,P-470,A-60761,J-115889,0,0,1
470,P-471,J-26802,A-60602,0,0,1
471,P-472,A-60602,J-28259,0,0,1
472,P-473,J-92702,A-21604,0,0,0
473,P-474,A-21604,J-43334,0,0,0
474,P-475,J-44120,A-64179,0,0,0
475,P-476,A-64179,J-84084,0,0,0
476,P-477,J-94526,A-62667,0,0,0
477,P-478,A-62667,J-43334,0,0,0
478,P-479,J-80876,A-65440,0,0,0
479,P-480,A-65440,J-43778,0,0,0
480,P-481,J-105442,A-66657,0,0,0
481,P-482,A-66657,J-24717,0,0,0
482,P-483,J-50348,A-55914,0,0,0
483,P-484,A-55914,J-64295,0,0,0
484,P-485,J-75075,A-7589,0,0,0
485,P-486,A-7589,J-75388,0,0,0
486,P-487,J-92193,A-57035,0,0,0
487,P-488,A-57035,J-85672,0,0,0
488,P-489,J-91395,A-60784,0,0,0
489,P-490,A-60784,J-93013,0,0,0
490,P-491,J-113774,A-66663,0,0,1
491,P-492,A-66663,J-47917,6.06417,1,1
492,P-493,J-100222,A-66375,0,0,0
493,P-494,A-66375,J-86687,0,0,0
494,P-495,J-121724,A-63976,0,0,1
495,P-496,A-63976,J-106711,0,0,1
496,P-497,J-50348,A-66483,0,0,0
497,P-498,A-66483,J-110087,0,0,0
498,P-499,J-96711,A-64968,4.78186,1,1
499,P-500,A-64968,J-63831,0,0,1
500,P-501,J-98700,A-66067,0,0,1
501,P-502,A-66067,J-41881,0,0,1
502,P-503,J-97779,A-66575,0,0,1
503,P-504,A-66575,J-103787,0,0,1
504,P-505,J-117446,A-66595,0,0,0
505,P-506,A-66595,J-48745,0,0,0
506,P-507,J-30094,A-66252,0,0,1
507,P-508,A-66252,J-47287,0,0,1
508,P-509,J-106999,A-66174,5.42075,1,1
509,P-510,A-66174,J-93200,5.42075,1,1
510,P-511,J-99448,A-59737,0,0,0
511,P-512,A-59737,J-110839,0,0,0
512,P-513,J-96263,A1877373,0,0,1
513,P-514,A1877373,J-124107,0,0,1
514,P-515,J-102209,A-57764,0,0,1
515,P-516,A-57764,J-109652,0,0,1
516,P-517,J-117901,A-57592,0,0,0
517,P-518,A-57592,J-44120,0,0,0
518,P-519,J-61776,A-66482,0,0,0
519,P-520,A-66482,J-127351,0,0,0
520,P-521,J-81022,A-66468,0,0,0
521,P-522,A-66468,J-106959,0,0,0
522,P-523,J-111539,A-49402,0,0,1
523,P-524,A-49402,J-101852,0,0,1
524,P-525,J-103787,A-63352,0,0,1
525,P-526,A-63352,J-46867,0,0,1
526,P-527,J-101695,A-60472,0,0,0
527,P-528,A-60472,J-85302,0,0,0
528,P-529,J-103960,A-53541,0,0,1
529,P-530,A-53541,J-86833,0,0,1
530,P-531,J-97538,A1893275,0,0,1
531,P-532,A1893275,J-108734,0,0,1
532,P-533,J-82617,A-20129,0,0,1
533,P-534,A-20129,J-121724,0,0,1
534,P-535,J-100304,A-66360,0,0,0
535,P-536,A-66360,J-85488,0,0,0
536,P-537,J-93989,A-56601,0,0,0
537,P-538,A-56601,J-81676,0,0,0
538,P-539,J-123560,A-61174,0,0,0
539,P-540,A-61174,J-102143,0,0,0
540,P-541,J-103751,A-48222,0,0,0
541,P-542,A-48222,J-62793,0,0,0
542,P-543,J-78938,A-65646,0,0,0
543,P-544,A-65646,J-108773,0,0,0
544,P-545,J-48569,A-66131,0,0,0
545,P-546,A-66131,J-28041,0,0,0
546,P-547,J-67383,A-64630,0,0,0
547,P-548,A-64630,J-82165,0,0,0
548,P-549,J-49245,A-44760,0,0,0
549,P-550,A-44760,J-49891,0,0,0
550,P-551,J-104023,A-66656,0,0,0
551,P-552,A-66656,J-61443,0,0,0
552,P-553,J-93069,A-65890,0,0,0
553,P-554,A-65890,J-82205,0,0,0
554,P-555,J-46997,A-66476,0,0,1
555,P-556,A-66476,J-48152,0,0,1
556,P-557,J-75921,A-57327,0,0,0
557,P-558,A-57327,J-92112,0,0,0
558,P-559,J-40343,A-39515,0,0,0
559,P-560,A-39515,J-94944,0,0,0
560,P-561,J-86659,A-60967,0,0,0
561,P-562,A-60967,J-82205,0,0,0
562,P-563,J-78053,A-66152,0,0,0
563,P-564,A-66152,J-81515,0,0,0
564,P-565,J-24693,A-59693,0,0,0
565,P-566,A-59693,J-25905,0,0,0
566,P-567,J-91049,A-66648,0,0,0
567,P-568,A-66648,J-105746,0,0,0
568,P-569,J-110087,A-60700,0,0,0
569,P-570,A-60700,J-66918,0,0,0
570,P-571,J-119431,A-66677,0,0,1
571,P-572,A-66677,J-111313,0,0,1
572,P-573,J-97391,A-64826,0,0,1
573,P-574,A-64826,J-42825,0,0,1
574,P-575,J-118240,A-66487,5.85805,1,1
575,P-576,A-66487,J-115604,5.85805,1,1
576,P-577,J-81515,A-66338,0,0,0
577,P-578,A-66338,J-77179,0,0,0
578,P-579,J-105798,A-63915,4.78186,1,1
579,P-580,A-63915,J-111809,4.78186,1,1
580,P-581,J-75388,A-66700,0,0,0
581,P-582,A-66700,J-81927,0,0,0
582,P-583,J-73682,A-66706,0,0,0
583,P-584,A-66706,J-81543,0,0,0
584,P-585,J-26641,A-53923,0,0,0
585,P-586,A-53923,J-94643,0,0,0
586,P-587,J-92929,A-66709,0,0,0
587,P-588,A-66709,J-71253,0,0,0
588,P-589,J-117167,A-50256,0,0,0
589,P-590,A-50256,J-59560,0,0,0
590,P-591,J-69893,A-64546,0,0,0
591,P-592,A-64546,J-43934,0,0,0
592,P-593,J-102423,A-64977,5.96075,1,1
593,P-594,A-64977,J-86396,5.96075,1,1
594,P-595,J-71253,A-65996,0,0,0
595,P-596,A-65996,J-41003,0,0,0
596,P-597,J-115775,A-28464,0,0,0
597,P-598,A-28464,J-105266,0,0,0
598,P-599,J-101387,A-66372,0,0,1
599,P-600,A-66372,J-90606,0,0,1
600,P-601,J-19419,A-54303,0,0,0
601,P-602,A-54303,J-104252,0,0,0
602,P-603,J-47791,A-66615,0,0,1
603,P-604,A-66615,J-67455,0,0,1
604,P-605,J-111859,A-65192,0,0,0
605,P-606,A-65192,J-113546,0,0,0
606,P-607,J-27674,A-65459,0,0,0
607,P-608,A-65459,J-80983,0,0,0
608,P-609,J-45478,A-60716,0,0,1
609,P-610,A-60716,J-114512,0,0,1
610,P-611,J-89786,A-65347,0,0,1
611,P-612,A-65347,J-124107,0,0,1
612,P-613,J-36544,A-66617,0,0,1
613,P-614,A-66617,J-77436,0,0,1
614,P-615,J-71612,A-61287,0,0,0
615,P-616,A-61287,J-69397,0,0,0
616,P-617,J-104000,A-61203,0,0,1
617,P-618,A-61203,J-66756,0,0,1
618,P-619,J-97738,A-60982,0,0,0
619,P-620,A-60982,J-66918,0,0,0
620,P-621,J-47044,A-54629,0,0,0
621,P-622,A-54629,J-119757,0,0,0
622,P-623,J-112548,A-66722,0,0,1
623,P-624,A-66722,J-97877,0,0,1
624,P-625,J-70290,A1825488,0,0,0
625,P-626,A1825488,J-47524,0,0,0
626,P-627,J-60174,A-66587,0,0,0
627,P-628,A-66587,J-62302,0,0,0
628,P-629,J-82580,A-61035,6.02515,1,1
629,P-630,A-61035,J-80034,6.06417,1,1
630,P-631,J-113598,A-60441,0,0,0
631,P-632,A-60441,J-84071,0,0,0
632,P-633,J-78938,A-66571,0,0,0
633,P-634,A-66571,J-46870,0,0,0
634,P-635,J-61974,A-66377,0,0,0
635,P-636,A-66377,J-47552,0,0,0
636,P-637,J-93533,A-45064,0,0,0
637,P-638,A-45064,J-78938,0,0,0
638,P-639,J-29884,A-65942,0,0,0
639,P-640,A-65942,J-99085,0,0,0
640,P-641,J-76644,A-64692,0,0,0
641,P-642,A-64692,J-115040,0,0,0
642,P-643,J-86806,A-39122,0,0,0
643,P-644,A-39122,J-81515,0,0,0
644,P-645,J-117446,A-66292,0,0,0
645,P-646,A-66292,J-104041,0,0,0
646,P-647,J-100985,A-24669,0,0,0
647,P-648,A-24669,J-113673,0,0,0
648,P-649,J-18035,A-12403,0,0,0
649,P-650,A-12403,J-44811,0,0,0
650,P-651,J-100766,A-66642,0,0,0
651,P-652,A-66642,J-94654,0,0,0
652,P-653,J-28148,A-66435,0,0,0
653,P-654,A-66435,J-31363,0,0,0
654,P-655,J-120075,A-30118,0,0,0
655,P-656,A-30118,J-95344,0,0,0
656,P-657,J-123560,A-52990,0,0,0
657,P-658,A-52990,J-98967,0,0,0
658,P-659,J-88772,A-66621,0,0,0
659,P-660,A-66621,J-102416,0,0,0
660,P-661,J-81543,A-66623,0,0,0
661,P-662,A-66623,J-104917,0,0,0
662,P-663,J-102416,A-64469,0,0,0
663,P-664,A-64469,J-104778,0,0,0
664,P-665,J-48016,A-31381,0,0,0
665,P-666,A-31381,J-79128,0,0,0
666,P-667,J-94643,A-60361,0,0,0
667,P-668,A-60361,J-60521,0,0,0
668,P-669,J-115591,A-28362,0,0,0
669,P-670,A-28362,J-115353,0,0,0
670,P-671,J-79655,A-54173,0,0,0
671,P-672,A-54173,J-124538,0,0,0
672,P-673,J-49748,A-60624,0,0,0
673,P-674,A-60624,J-49209,0,0,0
674,P-675,J-51783,A-65040,0,0,1
675,P-676,A-65040,J-119891,0,0,1
676,P-677,J-111654,A-64150,0,0,1
677,P-678,A-64150,J-86817,0,0,1
678,P-679,J-102507,A-66574,0,0,0
679,P-680,A-66574,J-104270,0,0,0
680,P-681,J-98520,A-66578,0,0,1
681,P-682,A-66578,J-111281,0,0,1
682,P-683,J-55466,A-66584,5.42075,1,1
683,P-684,A-66584,J-107166,5.42075,1,1
684,P-685,J-115775,A-31670,0,0,0
685,P-686,A-31670,J-28148,0,0,0
686,P-687,J-23827,A-57929,0,0,0
687,P-688,A-57929,J-24239,0,0,0
688,P-689,J-78029,A-60771,0,0,1
689,P-690,A-60771,J-88051,0,0,1
690,P-691,J-84157,A-58866,0,0,1
691,P-692,A-58866,J-96793,0,0,1
692,P-693,J-76776,A-47094,0,0,0
693,P-694,A-47094,J-107022,0,0,0
694,P-695,J-99270,A-66604,0,0,0
695,P-696,A-66604,J-125959,0,0,0
696,P-697,J-90382,A-66627,0,0,1
697,P-698,A-66627,J-25847,0,0,1
698,P-699,J-67309,A-61115,0,0,0
699,P-700,A-61115,J-50311,0,0,0
700,P-701,J-24445,A-47622,0,0,0
701,P-702,A-47622,J-29884,0,0,0
702,P-703,J-93304,A-55283,0,0,0
703,P-704,A-55283,J-48016,0,0,0
704,P-705,J-61128,A-66454,0,0,0
705,P-706,A-66454,J-92857,0,0,0
706,P-707,J-104102,A-66246,0,0,1
707,P-708,A-66246,J-76331,0,0,1
708,P-709,J-113734,A-66489,0,0,1
709,P-710,A-66489,J-102174,0,0,1
710,P-711,J-2486,A-9065,0,0,0
711,P-712,A-9065,J-24352,0,0,0
712,P-713,J-42578,A-44846,0,0,0
713,P-714,A-44846,J-62343,0,0,0
714,P-715,J-47287,A-66153,0,0,1
715,P-716,A-66153,J-46867,0,0,1
716,P-717,J-97342,A-52628,0,0,0
717,P-718,A-52628,J-113442,0,0,0
718,P-719,J-54603,A-66354,0,0,0
719,P-720,A-66354,J-17012,0,0,0
720,P-721,J-46870,A-64837,0,0,0
721,P-722,A-64837,J-92138,0,0,0
722,P-723,J-124909,A-64912,0,0,1
723,P-724,A-64912,J-89705,0,0,1
724,P-725,J-49891,A-59955,0,0,0
725,P-726,A-59955,J-51252,0,0,0
726,P-727,J-48575,A1856684,0,0,0
727,P-728,A1856684,J-45270,0,0,0
728,P-729,J-108773,A-66467,0,0,0
729,P-730,A-66467,J-78053,0,0,0
730,P-731,J-99897,A-66646,0,0,0
731,P-732,A-66646,J-101066,0,0,0
732,P-733,J-94643,A1907387,0,0,0
733,P-734,A1907387,J-90696,0,0,0
734,P-735,J-70962,A-66499,0,0,0
735,P-736,A-66499,J-71962,0,0,0
736,P-737,J-33784,A-17362,0,0,0
737,P-738,A-17362,J-25809,0,0,0
738,P-739,J-106360,A-66702,0,0,1
739,P-740,A-66702,J-96230,0,0,1
740,P-741,J-62314,A-66302,0,0,0
741,P-742,A-66302,J-69435,0,0,0
742,P-743,J-111238,A-34523,0,0,1
743,P-744,A-34523,J-104862,0,0,1
744,P-745,J-69893,A-60999,0,0,0
745,P-746,A-60999,J-46442,0,0,0
746,P-747,J-54814,A-63198,0,0,0
747,P-748,A-63198,J-51149,0,0,0
748,P-749,J-46942,A-64340,0,0,0
749,P-750,A-64340,J-67463,0,0,0
750,P-751,J-91395,A-66535,0,0,0
751,P-752,A-66535,J-78590,0,0,0
752,P-753,J-72434,A-49777,0,0,0
753,P-754,A-49777,J-59896,0,0,0
754,P-755,J-47044,A-66138,0,0,0
755,P-756,A-66138,J-84495,0,0,0
756,P-757,J-71966,A-47337,6.06417,1,1
757,P-758,A-47337,J-82106,6.06417,1,1
758,P-759,J-34195,A-36856,0,0,0
759,P-760,A-36856,J-38435,0,0,0
760,P-761,J-61443,A-37114,0,0,0
761,P-762,A-37114,J-79415,0,0,0
762,P-763,J-25112,A-66551,0,0,0
763,P-764,A-66551,J-105253,0,0,0
764,P-765,J-123856,A1936278,0,0,0
765,P-766,A1936278,J-115638,0,0,0
766,P-767,J-76331,A-65344,0,0,1
767,P-768,A-65344,J-41881,0,0,1
768,P-769,J-103410,A-66147,0,0,0
769,P-770,A-66147,J-73982,0,0,0
770,P-771,J-43334,A-43779,0,0,0
771,P-772,A-43779,J-59896,0,0,0
772,P-773,J-81208,A-66145,0,0,1
773,P-774,A-66145,J-93182,0,0,1
774,P-775,J-105253,A-66552,0,0,0
775,P-776,A-66552,J-24379,0,0,0
776,P-777,J-47260,A-54581,0,0,1
777,P-778,A-54581,J-91383,0,0,1
778,P-779,J-27467,A-38698,0,0,1
779,P-780,A-38698,J-48991,0,0,1
780,P-781,J-78262,A-66649,0,0,1
781,P-782,A-66649,J-96263,0,0,1
782,P-783,J-36504,A-66561,0,0,1
783,P-784,A-66561,J-85774,0,0,1
784,P-785,J-118943,A-64785,0,0,0
785,P-786,A-64785,J-81676,0,0,0
786,P-787,J-105806,A-66626,0,0,0
787,P-788,A-66626,J-92540,0,0,0
788,P-789,J-113673,A-27138,0,0,0
789,P-790,A-27138,J-110453,0,0,0
790,P-791,J-106360,A-42847,0,0,1
791,P-792,A-42847,J-96263,0,0,1
792,P-793,J-86411,A1945975,0,0,0
793,P-794,A1945975,J-87510,0,0,0
794,P-795,J-77179,A-66695,0,0,0
795,P-796,A-66695,J-101425,0,0,0
796,P-797,J-49128,A-58352,0,0,0
797,P-798,A-58352,J-51252,0,0,0
798,P-799,J-49172,A-8631,0,0,1
799,P-800,A-8631,J-47389,0,0,1
800,P-801,J-28020,A-66602,0,0,0
801,P-802,A-66602,J-48745,0,0,0
802,P-803,J-71253,A-66538,0,0,0
803,P-804,A-66538,J-81022,0,0,0
804,P-805,J-47718,A1865802,0,0,0
805,P-806,A1865802,J-115775,0,0,0
806,P-807,J-93089,A-55459,0,0,0
807,P-808,A-55459,J-107952,0,0,0
808,P-809,J-47524,A-40868,0,0,0
809,P-810,A-40868,J-114751,0,0,0
810,P-811,J-108665,A-65043,5.96075,1,1
811,P-812,A-65043,J-86396,5.96075,1,1
812,P-813,J-88941,A-66157,6.72032,1,1
813,P-814,A-66157,J-106459,6.72032,1,1
814,P-815,J-61699,A-35641,0,0,0
815,P-816,A-35641,J-18035,0,0,0
816,P-817,J-50439,A-55530,0,0,0
817,P-818,A-55530,J-66152,0,0,0
818,P-819,J-105798,A-30684,4.78186,1,1
819,P-820,A-30684,J-129274,4.78186,1,1
820,P-821,J-46942,A-66315,0,0,0
821,P-822,A-66315,J-106230,0,0,0
822,P-823,J-87941,A-64564,0,0,0
823,P-824,A-64564,J-106230,0,0,0
824,P-825,J-90696,A-22002,0,0,0
825,P-826,A-22002,J-86639,0,0,0
826,P-827,J-62660,A-66477,0,0,0
827,P-828,A-66477,J-62793,0,0,0
828,P-829,J-70072,A-60112,0,0,0
829,P-830,A-60112,J-105534,0,0,0
830,P-831,J-104909,A-66232,0,0,1
831,P-832,A-66232,J-85872,0,0,1
832,P-833,J-93735,A-66063,0,0,1
833,P-834,A-66063,J-76331,0,0,1
834,P-835,J-82596,A-66601,0,0,1
835,P-836,A-66601,J-47516,0,0,1
836,P-837,J-34038,A-60724,0,0,0
837,P-838,A-60724,J-49584,0,0,0
838,P-839,J-90382,A-66718,0,0,1
839,P-840,A-66718,J-86276,0,0,1
840,P-841,J-108734,A-6634,0,0,1
841,P-842,A-6634,J-111654,0,0,1
842,P-843,J-94944,A-59940,0,0,0
843,P-844,A-59940,J-115446,0,0,0
844,P-845,J-80983,A-55304,0,0,0
845,P-846,A-55304,J-92211,0,0,0
846,P-847,J-49872,A-40273,0,0,1
847,P-848,A-40273,J-111608,0,0,1
848,P-849,J-106636,A-29460,0,0,0
849,P-850,A-29460,J-69455,0,0,0
850,P-851,J-97538,A-66714,0,0,1
851,P-852,A-66714,J-126601,0,0,1
852,P-853,J-61128,A-56440,0,0,0
853,P-854,A-56440,J-80904,0,0,0
854,P-855,J-106636,A-24758,0,0,0
855,P-856,A-24758,J-101284,0,0,0
856,P-857,J-91844,A-20828,0,0,1
857,P-858,A-20828,J-85774,0,0,1
858,P-859,J-69455,A-37054,0,0,0
859,P-860,A-37054,J-48988,0,0,0
860,P-861,J-103386,A-65112,5.96075,1,1
861,P-862,A-65112,J-102081,5.96075,1,1
862,P-863,J-66391,A-59126,0,0,1
863,P-864,A-59126,J-104000,0,0,1
864,P-865,J-86833,A-64889,0,0,1
865,P-866,A-64889,J-49929,0,0,1
866,P-867,J-106711,A-23802,0,0,1
867,P-868,A-23802,J-97779,0,0,1
868,P-869,J-28062,A-39190,0,0,0
869,P-870,A-39190,J-48907,0,0,0
870,P-871,J-106711,A-36052,0,0,1
871,P-872,A-36052,J-101387,0,0,1
872,P-873,J-121402,A1825510,0,0,0
873,P-874,A1825510,J-50439,0,0,0
874,P-875,J-506,A-66689,0,0,1
875,P-876,A-66689,J-82617,0,0,1
876,P-877,J-125254,A-56926,0,0,0
877,P-878,A-56926,J-23827,0,0,0
878,P-879,J-113774,A-66221,0,0,1
879,P-880,A-66221,J-27690,0,0,1
880,P-881,J-103140,A1779959,0,0,0
881,P-882,A1779959,J-124065,0,0,0
882,P-883,J-81932,A-54002,0,0,0
883,P-884,A-54002,J-106959,0,0,0
884,P-885,J-112253,A-60641,0,0,0
885,P-886,A-60641,J-113959,0,0,0
886,P-887,J-83058,A-20230,0,0,0
887,P-888,A-20230,J-73831,0,0,0
888,P-889,J-66133,A-51778,0,0,0
889,P-890,A-51778,J-117571,0,0,0
890,P-891,J-98990,A1865951,0,0,0
891,P-892,A1865951,J-98991,0,0,0
892,P-893,J-115040,A-66582,0,0,0
893,P-894,A-66582,J-92739,0,0,0
894,P-895,J-37187,A-11905,0,0,0
895,P-896,A-11905,J-70072,0,0,0
896,P-897,J-113809,A-66620,0,0,1
897,P-898,A-66620,J-126601,0,0,1
898,P-899,J-44393,A1781692,0,0,0
899,P-900,A1781692,J-28868,0,0,0
900,P-901,J-113734,A-66521,0,0,1
901,P-902,A-66521,J-78335,0,0,1
902,P-903,J-80224,A-66380,0,0,0
903,P-904,A-66380,J-121402,0,0,0
904,P-905,J-83624,A-66505,0,0,0
905,P-906,A-66505,J-93533,0,0,0
906,P-907,J-76644,A-66408,0,0,0
907,P-908,A-66408,J-70246,0,0,0
908,P-909,J-25112,A-60072,0,0,0
909,P-910,A-60072,J-25857,0,0,0
910,P-911,J-78868,A1777484,0,0,0
911,P-912,A1777484,J-109981,0,0,0
912,P-913,J-44393,A-7645,0,0,0
913,P-914,A-7645,J-86639,0,0,0
914,P-915,J-23600,A-60198,0,0,0
915,P-916,A-60198,J-22241,0,0,0
916,P-917,J-60427,A-35818,0,0,0
917,P-918,A-35818,J-45398,0,0,0
918,P-919,J-37187,A-66274,0,0,0
919,P-920,A-66274,J-45889,0,0,0
920,P-921,J-75802,A-45231,0,0,0
921,P-922,A-45231,J-47718,0,0,0
922,P-923,J-87526,A-66712,0,0,0
923,P-924,A-66712,J-76069,0,0,0
924,P-925,J-29809,A-36175,0,0,0
925,P-926,A-36175,J-30124,0,0,0
926,P-927,J-62302,A-66586,0,0,0
927,P-928,A-66586,J-59724,0,0,0
928,P-929,J-124107,A-65686,0,0,1
929,P-930,A-65686,J-120440,0,0,1
930,P-931,J-55466,A-66436,0,0,1
931,P-932,A-66436,J-98700,0,0,1
932,P-933,J-29930,A-66720,5.85805,1,1
933,P-934,A-66720,J-114308,5.96075,1,1
934,P-935,J-59896,A-40327,0,0,0
935,P-936,A-40327,J-84495,0,0,0
936,P-937,J-90652,A1875059,0,0,1
937,P-938,A1875059,J-119891,0,0,1
938,P-939,J-76069,A-66411,0,0,0
939,P-940,A-66411,J-109095,0,0,0
940,P-941,J-49711,A-64747,0,0,0
941,P-942,A-64747,J-81024,0,0,0
942,P-943,J-116858,A-64493,0,0,1
943,P-944,A-64493,J-97538,0,0,1
944,P-945,J-51547,A-66652,0,0,1
945,P-946,A-66652,J-47748,0,0,1
946,P-947,J-108378,A-65426,0,0,1
947,P-948,A-65426,J-117901,0,0,0
948,P-949,J-76247,A-61330,0,0,1
949,P-950,A-61330,J-106905,0,0,1
950,P-951,J-73831,A-51241,0,0,0
951,P-952,A-51241,J-67309,0,0,0
952,P-953,J-68668,A-16837,0,0,0
953,P-954,A-16837,J-117382,0,0,0
954,P-955,J-93293,A-66351,0,0,0
955,P-956,A-66351,J-50311,0,0,0
956,P-957,J-93293,A-39022,0,0,0
957,P-958,A-39022,J-99576,0,0,0
958,P-959,J-111859,A-61180,0,0,0
959,P-960,A-61180,J-77733,0,0,0
960,P-961,J-109127,A-64751,0,0,0
961,P-962,A-64751,J-106335,0,0,0
962,P-963,J-89966,A-64921,0,0,0
963,P-964,A-64921,J-104667,0,0,0
964,P-965,J-100333,A-59959,0,0,0
965,P-966,A-59959,J-49064,0,0,0
966,P-967,J-84044,A-66343,0,0,0
967,P-968,A-66343,J-100766,0,0,0
968,P-969,J-44811,A-66422,0,0,0
969,P-970,A-66422,J-80983,0,0,0
970,P-971,J-92540,A-66683,0,0,0
971,P-972,A-66683,J-86687,0,0,0
972,P-973,J-117167,A-66361,0,0,0
973,P-974,A-66361,J-62660,0,0,0
974,P-975,J-92739,A-66258,0,0,0
975,P-976,A-66258,J-31363,0,0,0
976,P-977,J-92193,A1824605,0,0,0
977,P-978,A1824605,J-43814,0,0,0
978,P-979,J-102482,A-66456,0,0,0
979,P-980,A-66456,J-76135,0,0,0
980,P-981,J-98870,A-60773,0,0,1
981,P-982,A-60773,J-84157,0,0,1
982,P-983,J-85221,A-66593,0,0,1
983,P-984,A-66593,J-88051,0,0,1
984,P-985,J-90538,A-60352,0,0,0
985,P-986,A-60352,J-118378,0,0,0
986,P-987,J-83058,A-58349,0,0,0
987,P-988,A-58349,J-49122,0,0,0
988,P-989,J-109137,A-65569,0,0,0
989,P-990,A-65569,J-122970,0,0,0
990,P-991,J-66152,A-9441,0,0,0
991,P-992,A-9441,J-49245,0,0,0
992,P-993,J-111238,A-65883,4.78186,1,1
993,P-994,A-65883,J-105798,4.78186,1,1
994,P-995,J-25319,A-66239,0,0,0
995,P-996,A-66239,J-24379,0,0,0
996,P-997,J-97706,A-66074,0,0,0
997,P-998,A-66074,J-67309,0,0,0
998,P-999,J-72259,A-66644,0,0,1
999,P-1000,A-66644,J-60885,0,0,1
1000,P-1001,J-48207,A-61811,0,0,0
1001,P-1002,A-61811,J-107022,0,0,0
1002,P-1003,J-25857,A-58438,0,0,0
1003,P-1004,A-58438,J-24374,0,0,0
1004,P-1005,J-119248,A-66257,0,0,0
1005,P-1006,A-66257,J-86806,0,0,0
1006,P-1007,J-62557,A-66580,0,0,0
1007,P-1008,A-66580,J-81543,0,0,0
1008,P-1009,J-114336,A-47433,0,0,0
1009,P-1010,A-47433,J-120573,0,0,0
1010,P-1011,J-118378,A-41822,0,0,0
1011,P-1012,A-41822,J-23827,0,0,0
1012,P-1013,J-47406,A-64698,0,0,0
1013,P-1014,A-64698,J-67263,0,0,0
1014,P-1015,J-62035,A-59700,0,0,0
1015,P-1016,A-59700,J-110468,0,0,0
1016,P-1017,J-88962,A-66699,5.85805,1,1
1017,P-1018,A-66699,J-118738,5.85805,1,1
1018,P-1019,J-116918,A-25627,0,0,0
1019,P-1020,A-25627,J-104667,0,0,0
1020,P-1021,J-113910,A-66550,0,0,0
1021,P-1022,A-66550,J-77733,0,0,0
1022,P-1023,J-25905,A-66726,0,0,0
1023,P-1024,A-66726,J-48085,0,0,0
1024,P-1025,J-99897,A-65844,0,0,0
1025,P-1026,A-65844,J-77463,0,0,0
1026,P-1027,J-80757,A-66596,0,0,0
1027,P-1028,A-66596,J-17011,0,0,0
1028,P-1029,J-84144,A-66616,0,0,0
1029,P-1030,A-66616,J-100927,0,0,0
1030,P-1031,J-110509,A-55139,0,0,0
1031,P-1032,A-55139,J-74838,0,0,0
1032,P-1033,J-36793,A-48522,0,0,0
1033,P-1034,A-48522,J-115591,0,0,0
1034,P-1035,J-112738,A-66711,0,0,0
1035,P-1036,A-66711,J-111264,0,0,0
1036,P-1037,J-106642,A-66539,0,0,0
1037,P-1038,A-66539,J-23600,0,0,0
1038,P-1039,J-107166,A-66563,0,0,1
1039,P-1040,A-66563,J-106389,0,0,1
1040,P-1041,J-86817,A-31648,0,0,1
1041,P-1042,A-31648,J-121724,0,0,1
1042,P-1043,J-125959,A-66600,0,0,0
1043,P-1044,A-66600,J-48569,0,0,0
1044,P-1045,J-98991,A-66154,0,0,0
1045,P-1046,A-66154,J-59542,0,0,0
1046,P-1047,J-24445,A-40282,0,0,0
1047,P-1048,A-40282,J-99339,0,0,0
1048,P-1049,J-104020,A-59620,0,0,0
1049,P-1050,A-59620,J-77776,0,0,0
1050,P-1051,J-104020,A-66692,0,0,0
1051,P-1052,A-66692,J-77776,0,0,0
1052,P-1053,J-78625,A-66581,0,0,0
1053,P-1054,A-66581,J-443,0,0,0
1054,P-1055,J-108378,A-64944,0,0,1
1055,P-1056,A-64944,J-109981,0,0,1
1056,P-1057,J-84157,A-53917,0,0,1
1057,P-1058,A-53917,J-85221,0,0,1
1058,P-1059,J-97391,A-66682,0,0,1
1059,P-1060,A-66682,J-78335,0,0,1
1060,P-1061,J-93200,A-60587,0,0,1
1061,P-1062,A-60587,J-86833,0,0,1
1062,P-1063,J-68513,A-66523,0,0,0
1063,P-1064,A-66523,J-111890,0,0,0
1064,P-1065,J-108348,A-60232,0,0,0
1065,P-1066,A-60232,J-104569,0,0,0
1066,P-1067,J-82106,A-60054,6.06417,1,1
1067,P-1068,A-60054,J-47917,6.06417,1,1
1068,P-1069,J-118970,A-43929,0,0,0
1069,P-1070,A-43929,J-108348,0,0,0
1070,P-1071,J-23600,A-64496,0,0,0
1071,P-1072,A-64496,J-25809,0,0,0
1072,P-1073,J-23976,A-66569,0,0,1
1073,P-1074,A-66569,J-45914,0,0,1
1074,P-1075,J-84196,A-32048,0,0,0
1075,P-1076,A-32048,J-129509,0,0,0
1076,P-1077,J-121107,A-54138,0,0,0
1077,P-1078,A-54138,J-99339,0,0,0
1078,P-1079,J-118970,A-61096,0,0,0
1079,P-1080,A-61096,J-113959,0,0,0
1080,P-1081,J-47406,A-60760,0,0,0
1081,P-1082,A-60760,J-94944,0,0,0
1082,P-1083,J-104252,A-59753,0,0,0
1083,P-1084,A-59753,J-99448,0,0,0
1084,P-1085,J-31175,A-66463,0,0,1
1085,P-1086,A-66463,J-32466,0,0,1
1086,P-1087,J-48575,A-66460,0,0,0
1087,P-1088,A-66460,J-44393,0,0,0
1088,P-1089,J-76431,A-66401,0,0,0
1089,P-1090,A-66401,J-97738,0,0,0
1090,P-1091,J-119514,A-29375,0,0,0
1091,P-1092,A-29375,J-61746,0,0,0
1092,P-1093,J-27690,A-66675,0,0,1
1093,P-1094,A-66675,J-54616,0,0,0
1094,P-1095,J-47748,A-8785,0,0,1
1095,P-1096,A-8785,J-112062,0,0,1
1096,P-1097,J-114512,A-66559,0,0,1
1097,P-1098,A-66559,J-49172,0,0,1
1098,P-1099,J-32466,A-66020,0,0,1
1099,P-1100,A-66020,J-104862,0,0,1
1100,P-1101,J-90606,A-56919,0,0,1
1101,P-1102,A-56919,J-36544,0,0,1
1102,P-1103,J-43814,A-61316,0,0,0
1103,P-1104,A-61316,J-100927,0,0,0
1104,P-1105,J-75921,A-34319,0,0,0
1105,P-1106,A-34319,J-79827,0,0,0
1106,P-1107,J-62035,A-61213,0,0,0
1107,P-1108,A-61213,J-33185,0,0,0
1108,P-1109,J-104020,A-57254,0,0,0
1109,P-1110,A-57254,J-122276,0,0,0
1110,P-1111,J-96793,A1883580,0,0,1
1111,P-1112,A1883580,J-109652,0,0,1
1112,P-1113,J-92138,A-55339,0,0,0
1113,P-1114,A-55339,J-81932,0,0,0
1114,P-1115,J-76247,A-66342,0,0,1
1115,P-1116,A-66342,J-72000,0,0,1
1116,P-1117,J-97779,A-66630,0,0,1
1117,P-1118,A-66630,J-89786,0,0,1
1118,P-1119,J-103850,A-66672,0,0,1
1119,P-1120,A-66672,J-77436,0,0,1
1120,P-1121,J-45914,A-66208,0,0,1
1121,P-1122,A-66208,J-78029,0,0,1
1122,P-1123,J-116918,A-66200,0,0,0
1123,P-1124,A-66200,J-121107,0,0,0
1124,P-1125,J-89705,A-66549,0,0,1
1125,P-1126,A-66549,J-100914,0,0,1
1126,P-1127,J-95540,A-9647,0,0,0
1127,P-1128,A-9647,J-49711,0,0,0
1128,P-1129,J-49122,A-60005,0,0,0
1129,P-1130,A-60005,J-81024,0,0,0
1130,P-1131,J-98700,A-66209,0,0,1
1131,P-1132,A-66209,J-118240,0,0,1
1132,P-1133,J-123856,A-66636,0,0,0
1133,P-1134,A-66636,J-93829,0,0,0
1134,P-1135,J-62343,A-63994,0,0,0
1135,P-1136,A-63994,J-89966,0,0,0
1136,P-1137,J-109977,A-58811,0,0,0
1137,P-1138,A-58811,J-61539,0,0,0
1138,P-1139,J-109127,A-66510,0,0,0
1139,P-1140,A-66510,J-20958,0,0,0
1140,P-1141,J-103140,A-58498,0,0,0
1141,P-1142,A-58498,J-104569,0,0,0
1142,P-1143,J-85302,A-61363,0,0,0
1143,P-1144,A-61363,J-73982,0,0,0
1144,P-1145,J-36793,A-66167,0,0,0
1145,P-1146,A-66167,J-115353,0,0,0
1146,P-1147,J-97894,A-58369,0,0,0
1147,P-1148,A-58369,J-103410,0,0,0
1148,P-1149,J-100333,A-60422,0,0,0
1149,P-1150,A-60422,J-110665,0,0,0
1150,P-1151,J-24445,A-57091,0,0,0
1151,P-1152,A-57091,J-24374,0,0,0
1152,P-1153,J-84430,A-58728,6.02515,1,1
1153,P-1154,A-58728,J-80034,6.02515,1,1
1154,P-1155,J-86423,A-62119,0,0,0
1155,P-1156,A-62119,J-103535,0,0,0
1156,P-1157,J-125254,A-25279,0,0,0
1157,P-1158,A-25279,J-98507,0,0,0
1158,P-1159,J-80224,A-66180,0,0,0
1159,P-1160,A-66180,J-48352,0,0,0
1160,P-1161,J-27729,A-66611,0,0,0
1161,P-1162,A-66611,J-81524,0,0,0
1162,P-1163,J-68831,A-57502,0,0,0
1163,P-1164,A-57502,J-116643,0,0,0
1164,P-1165,J-118240,A-45493,5.85805,1,1
1165,P-1166,A-45493,J-118738,5.85805,1,1
1166,P-1167,J-120075,A-66703,0,0,0
1167,P-1168,A-66703,J-116983,0,0,0
1168,P-1169,J-110923,A-66676,0,0,1
1169,P-1170,A-66676,J-98520,0,0,1
1170,P-1171,J-67263,A-66622,0,0,0
1171,P-1172,A-66622,J-24300,0,0,0
1172,P-1173,J-85178,A-66433,0,0,1
1173,P-1174,A-66433,J-48152,0,0,1
1174,P-1175,J-102507,A-66613,0,0,0
1175,P-1176,A-66613,J-95889,0,0,1
1176,P-1177,J-24235,A-66146,0,0,0
1177,P-1178,A-66146,J-122578,0,0,0
1178,P-1179,J-49872,A-57895,0,0,1
1179,P-1180,A-57895,J-33164,0,0,1
1180,P-1181,J-120440,A-56045,0,0,1
1181,P-1182,A-56045,J-93735,0,0,1
1182,P-1183,J-27945,A-60594,0,0,0
1183,P-1184,A-60594,J-29809,0,0,0
1184,P-1185,J-103850,A-64339,0,0,1
1185,P-1186,A-64339,J-30094,0,0,1
1186,P-1187,J-86951,A-64177,0,0,0
1187,P-1188,A-64177,J-42028,0,0,0
1188,P-1189,J-33485,A-66452,0,0,0
1189,P-1190,A-66452,J-119514,0,0,0
1190,P-1191,J-119514,A-66664,0,0,0
1191,P-1192,A-66664,J-119972,0,0,0
1192,P-1193,J-81681,A-19922,0,0,0
1193,P-1194,A-19922,J-77527,0,0,0
1194,P-1195,J-66628,A-61422,0,0,0
1195,P-1196,A-61422,J-76869,0,0,0
1196,P-1197,J-69716,A-66363,0,0,0
1197,P-1198,A-66363,J-40514,0,0,0
1198,P-1199,J-104726,A-54799,0,0,0
1199,P-1200,A-54799,J-106642,0,0,0
1200,P-1201,J-37115,A-60122,0,0,0
1201,P-1202,A-60122,J-119349,0,0,0
1202,P-1203,J-65773,A-66217,0,0,1
1203,P-1204,A-66217,J-26802,0,0,1
1204,P-1205,J-102174,A-66719,0,0,1
1205,P-1206,A-66719,J-60741,5.85805,1,1
1206,P-1207,J-110453,A-25024,0,0,0
1207,P-1208,A-25024,J-100985,0,0,0
1208,P-1209,J-24300,A-60584,0,0,0
1209,P-1210,A-60584,J-24588,0,0,0
1210,P-1211,J-101425,A-24793,0,0,0
1211,P-1212,A-24793,J-117167,0,0,0
1212,P-1213,J-101284,A1801943,0,0,0
1213,P-1214,A1801943,J-48988,0,0,0
1214,P-1215,J-30094,A-64292,0,0,1
1215,P-1216,A-64292,J-46997,0,0,1
1216,P-1217,J-69506,A-64509,0,0,1
1217,P-1218,A-64509,J-83181,0,0,1
1218,P-1219,J-88148,A-64810,0,0,1
1219,P-1220,A-64810,J-93735,0,0,1
1220,P-1221,J-105266,A-66534,0,0,0
1221,P-1222,A-66534,J-46870,0,0,0
1222,P-1223,J-47823,A-66464,6.02515,1,1
1223,P-1224,A-66464,J-84430,6.02515,1,1
1224,P-1225,J-124065,A-51953,0,0,0
1225,P-1226,A-51953,J-112253,0,0,0
1226,P-1227,J-99433,A-61159,0,0,0
1227,P-1228,A-61159,J-76776,0,0,0
1228,P-1229,J-120964,A-62444,0,0,0
1229,P-1230,A-62444,J-108831,0,0,0
1230,P-1231,J-93293,A-50306,0,0,0
1231,P-1232,A-50306,J-40514,0,0,0
1232,P-1233,J-35288,A-66457,0,0,0
1233,P-1234,A-66457,J-111264,0,0,0
1234,P-1235,J-106959,A-38279,0,0,0
1235,P-1236,A-38279,J-93304,0,0,0
1236,P-1237,J-78335,A-66405,0,0,1
1237,P-1238,A-66405,J-47260,0,0,1
1238,P-1239,J-92857,A-66453,0,0,0
1239,P-1240,A-66453,J-92974,0,0,0
1240,P-1241,J-100333,A-66654,0,0,0
1241,P-1242,A-66654,J-94595,0,0,0
1242,P-1243,J-34726,A-55445,0,0,0
1243,P-1244,A-55445,J-18035,0,0,0
1244,P-1245,J-64295,A-66207,0,0,0
1245,P-1246,A-66207,J-25319,0,0,0
1246,P-1247,J-40563,A-60345,0,0,0
1247,P-1248,A-60345,J-24352,0,0,0
1248,P-1249,J-47748,A-59899,0,0,1
1249,P-1250,A-59899,J-88051,0,0,1
1250,P-1251,J-65773,A-44110,0,0,1
1251,P-1252,A-44110,J-85872,0,0,1
1252,P-1253,J-25198,A-66566,0,0,1
1253,P-1254,A-66566,J-83181,0,0,1
1254,P-1255,J-47329,A-34335,0,0,0
1255,P-1256,A-34335,J-47406,0,0,0
1256,P-1257,J-104102,A-66608,0,0,1
1257,P-1258,A-66608,J-60885,0,0,1
1258,P-1259,J-43934,A-62375,0,0,0
1259,P-1260,A-62375,J-95825,0,0,0
1260,P-1261,J-100985,A-66690,0,0,0
1261,P-1262,A-66690,J-105746,0,0,0
1262,P-1263,J-28247,A-66175,0,0,0
1263,P-1264,A-66175,J-78870,0,0,0
1264,P-1265,J-76135,A1921413,0,0,0
1265,P-1266,A1921413,J-125858,0,0,0
1266,P-1269,J-70246,A-65702,0,0,0
1267,P-1270,A-65702,J-46442,0,0,0
1268,P-1271,J-86951,A-66054,0,0,0
1269,P-1272,A-66054,J-92974,0,0,0
1270,P-1273,J-73682,A-66349,0,0,0
1271,P-1274,A-66349,J-75323,0,0,0
1272,P-1275,J-44164,A-66727,0,0,0
1273,P-1276,A-66727,J-119349,0,0,0
1274,P-1277,J-65773,A-42126,0,0,1
1275,P-1278,A-42126,J-100504,0,0,1
1276,P-1279,J-33691,A-66370,0,0,1
1277,P-1280,A-66370,J-28259,0,0,1
1278,P-1281,J-112062,A-48795,0,0,1
1279,P-1282,A-48795,J-61577,0,0,1
1280,P-1283,J-109095,A-66698,0,0,0
1281,P-1284,A-66698,J-92929,0,0,0
1282,P-1285,J-24669,A1804229,0,0,0
1283,P-1286,A1804229,J-24541,0,0,0
1284,P-1287,J-27674,A-8903,0,0,0
1285,P-1288,A-8903,J-48016,0,0,0
1286,P-1289,J-128026,A-60453,0,0,0
1287,P-1290,A-60453,J-93013,0,0,0
1288,P-1291,J-88962,A-66717,5.85805,1,1
1289,P-1292,A-66717,J-114308,5.96075,1,1
1290,P-1293,J-24374,A-58439,0,0,0
1291,P-1294,A-58439,J-25112,0,0,0
1292,P-1295,J-99516,A-66117,0,0,0
1293,P-1296,A-66117,J-79261,0,0,0
1294,P-1297,J-101387,A-23383,0,0,1
1295,P-1298,A-23383,J-96230,0,0,1
1296,P-1299,J-43814,A-55070,0,0,0
1297,P-1300,A-55070,J-49891,0,0,0
1298,P-1301,J-42787,A-66122,0,0,0
1299,P-1302,A-66122,J-61746,0,0,0
1300,P-1303,J-99639,A-66358,0,0,1
1301,P-1304,A-66358,J-90606,0,0,1
1302,P-1305,J-49052,A1801972,0,0,0
1303,P-1306,A1801972,J-48702,0,0,0
1304,P-1307,J-69632,A-58554,0,0,0
1305,P-1308,A-58554,J-70167,0,0,0
1306,P-1309,J-34726,A-66220,0,0,0
1307,P-1310,A-66220,J-79129,0,0,0
1308,P-1311,J-78625,A-26327,0,0,0
1309,P-1312,A-26327,J-60174,0,0,0
1310,P-1313,J-48085,A-66266,0,0,0
1311,P-1314,A-66266,J-49584,0,0,0
1312,P-1315,J-49064,A-66303,0,0,0
1313,P-1316,A-66303,J-28020,0,0,0
1314,P-1317,J-98507,A-53611,0,0,0
1315,P-1318,A-53611,J-106856,0,0,0
1316,P-1321,J-69455,A-60159,0,0,0
1317,P-1322,A-60159,J-76776,0,0,0
1318,P-1323,J-106057,A-64959,0,0,0
1319,P-1324,A-64959,J-49128,0,0,0
1320,P-1325,J-74270,A-31245,0,0,0
1321,P-1326,A-31245,J-97706,0,0,0
1322,P-1327,J-23307,A-53692,0,0,0
1323,P-1328,A-53692,J-109127,0,0,0
1324,P-1329,J-69435,A-31154,0,0,0
1325,P-1330,A-31154,J-62314,0,0,0
1326,P-1331,J-78121,A-66448,4.78186,1,1
1327,P-1332,A-66448,J-96711,4.78186,1,1
1328,P-1333,J-114336,A-66201,0,0,0
1329,P-1334,A-66201,J-122970,0,0,0
1330,P-1335,J-23088,A-47663,0,0,0
1331,P-1336,A-47663,J-76431,0,0,0
1332,P-1337,J-101822,A-66517,0,0,0
1333,P-1338,A-66517,J-99516,0,0,0
1334,P-1339,J-95540,A-60866,0,0,0
1335,P-1340,A-60866,J-69397,0,0,0
1336,P-1341,J-85672,A-64258,0,0,0
1337,P-1342,A-64258,J-86974,0,0,0
1338,P-1343,J-101695,A-56399,0,0,0
1339,P-1344,A-56399,J-110505,0,0,0
1340,P-1345,J-102560,A-25093,0,0,0
1341,P-1346,A-25093,J-107952,0,0,0
1342,P-1347,J-25847,A-66264,0,0,1
1343,P-1348,A-66264,J-98870,0,0,1
1344,P-1349,J-24379,A-65880,0,0,0
1345,P-1350,A-65880,J-42578,0,0,0
1346,P-1351,J-118378,A-2411,0,0,0
1347,P-1352,A-2411,J-24239,0,0,0
1348,P-1353,J-95344,A-66305,0,0,0
1349,P-1354,A-66305,J-125959,0,0,0
1350,P-1355,J-28247,A-47543,0,0,0
1351,P-1356,A-47543,J-62557,0,0,0
1352,P-1357,J-74838,A-66625,0,0,0
1353,P-1358,A-66625,J-81524,0,0,0
1354,P-1359,J-115214,A1842746,0,0,1
1355,P-1360,A1842746,J-103541,0,0,1
1356,P-1361,J-68456,A-61239,0,0,0
1357,P-1362,A-61239,J-91029,0,0,0
1358,P-1363,J-44351,A-59499,0,0,0
1359,P-1364,A-59499,J-40343,0,0,0
1360,P-1365,J-32466,A-60494,4.78186,1,1
1361,P-1366,A-60494,J-129274,4.78186,1,1
1362,P-1367,J-27467,A-66100,0,0,1
1363,P-1368,A-66100,J-87654,0,0,1
1364,P-1369,J-114751,A-25334,0,0,0
1365,P-1370,A-25334,J-66152,0,0,0
1366,P-1371,J-124909,A-66730,0,0,1
1367,P-1372,A-66730,J-89705,0,0,1
1368,P-1373,J-48352,A-66659,0,0,0
1369,P-1374,A-66659,J-99270,0,0,0
1370,P-1375,J-70380,A-66668,0,0,1
1371,P-1376,A-66668,J-112253,0,0,0
1372,P-1377,J-23981,A-66439,6.06417,1,1
1373,P-1378,A-66439,J-47917,6.06417,1,1
1374,P-1379,J-85774,A-66669,0,0,1
1375,P-1380,A-66669,J-20545,0,0,1
1376,P-1381,J-49172,A-56338,0,0,1
1377,P-1382,A-56338,J-97560,0,0,1
1378,P-1383,J-90047,A-39889,0,0,0
1379,P-1384,A-39889,J-109137,0,0,0
1380,P-1385,J-115446,A-60066,0,0,0
1381,P-1386,A-60066,J-69632,0,0,0
1382,P-1387,J-25198,A-64028,0,0,1
1383,P-1388,A-64028,J-72000,0,0,1
1384,P-1389,J-24880,A-66382,0,0,1
1385,P-1390,A-66382,J-75662,0,0,1
1386,P-1391,J-97016,A1833016,0,0,0
1387,P-1392,A1833016,J-70962,0,0,0
1388,P-1393,J-82048,A-66378,0,0,0
1389,P-1394,A-66378,J-60174,0,0,0
1390,P-1395,J-117392,A-66661,0,0,0
1391,P-1396,A-66661,J-95825,0,0,0
1392,P-1397,J-47823,A-60180,6.02515,1,1
1393,P-1398,A-60180,J-109540,6.02515,1,1
1394,P-1399,J-105534,A-16456,0,0,0
1395,P-1400,A-16456,J-67209,0,0,0
1396,P-1401,J-71989,A-66723,0,0,0
1397,P-1402,A-66723,J-81927,0,0,0
1398,P-1403,J-116918,A-59677,0,0,0
1399,P-1404,A-59677,J-76611,0,0,0
1400,P-1405,J-89966,A-61389,0,0,0
1401,P-1406,A-61389,J-109977,0,0,0
1402,P-1407,J-113546,A-66685,0,0,0
1403,P-1408,A-66685,J-84144,0,0,0
1404,P-1409,J-17012,A-66708,0,0,0
1405,P-1410,A-66708,J-125858,0,0,0
1406,P-1411,J-73831,A-66440,0,0,0
1407,P-1412,A-66440,J-117571,0,0,0
1408,P-1413,J-77527,A-58222,0,0,0
1409,P-1414,A-58222,J-76869,0,0,0
1410,P-1415,J-113086,A-3822,0,0,0
1411,P-1416,A-3822,J-28868,0,0,0
1412,P-1417,J-111809,A-62773,4.78186,1,1
1413,P-1418,A-62773,J-78121,4.78186,1,1
1414,P-1419,J-100927,A-66330,0,0,0
1415,P-1420,A-66330,J-44945,0,0,0
1416,P-1421,J-66191,A-36586,0,0,0
1417,P-1422,A-36586,J-84084,0,0,0
1418,P-1423,J-110162,A-66639,0,0,0
1419,P-1424,A-66639,J-87793,0,0,0
1420,P-1425,J-81372,A-38652,0,0,0
1421,P-1426,A-38652,J-38435,0,0,0
1422,P-1427,J-75388,A-66269,0,0,0
1423,P-1428,A-66269,J-75323,0,0,0
1424,P-1429,J-96793,A-60329,0,0,1
1425,P-1430,A-60329,J-86276,0,0,1
1426,P-1431,J-46997,A-66486,0,0,1
1427,P-1432,A-66486,J-47516,0,0,1
1428,P-1433,J-61539,A-36400,0,0,0
1429,P-1434,A-36400,J-44351,0,0,0
1430,P-1435,J-30124,A-66379,0,0,0
1431,P-1436,A-66379,J-28289,0,0,0
1432,P-1437,J-74270,A-39596,0,0,0
1433,P-1438,A-39596,J-83058,0,0,0
1434,P-1439,J-111890,A-58525,0,0,0
1435,P-1440,A-58525,J-91049,0,0,0
1436,P-1441,J-104667,A-27738,0,0,0
1437,P-1442,A-27738,J-101695,0,0,0
1438,P-1443,J-48588,A-66598,0,0,0
1439,P-1444,A-66598,J-49059,0,0,0
1440,P-1445,J-113377,A-63066,0,0,0
1441,P-1446,A-63066,J-75075,0,0,0
1442,P-1447,J-49059,A-9362,0,0,0
1443,P-1448,A-9362,J-81773,0,0,0
1444,P-1449,J-100222,A-66728,0,0,0
1445,P-1450,A-66728,J-116983,0,0,0
1446,P-1451,J-111281,A-66567,5.96075,1,1
1447,P-1452,A-66567,J-108665,5.96075,1,1
1448,P-1453,J-90538,A-51047,0,0,0
1449,P-1454,A-51047,J-120573,0,0,0
1450,P-1455,J-86817,A-64447,0,0,1
1451,P-1456,A-64447,J-49973,0,0,1
1452,P-1457,J-66918,A-31135,0,0,0
1453,P-1458,A-31135,J-24669,0,0,0
1454,P-1459,J-77776,A-66541,0,0,0
1455,P-1460,A-66541,J-44351,0,0,0
1456,P-1461,J-67455,A-66503,5.32296,1,1
1457,P-1462,A-66503,J-119591,5.32296,1,1
1458,P-1463,J-106999,A-66170,0,0,1
1459,P-1464,A-66170,J-107166,5.42075,1,1
1460,P-1465,J-48051,A1848133,0,0,0
1461,P-1466,A1848133,J-110468,0,0,0
1462,P-1467,J-76611,A-47590,0,0,0
1463,P-1468,A-47590,J-48051,0,0,0
1464,P-1469,J-106335,A-29346,0,0,0
1465,P-1470,A-29346,J-27945,0,0,0
1466,P-1471,J-106630,A-58643,0,0,0
1467,P-1472,A-58643,J-28020,0,0,0
1468,P-1473,J-80034,A-33133,6.06417,1,1
1469,P-1474,A-33133,J-71966,6.06417,1,1
1470,P-1475,J-102560,A-66531,0,0,0
1471,P-1476,A-66531,J-109570,0,0,0
1472,P-1477,J-51783,A-62847,0,0,1
1473,P-1478,A-62847,J-106360,0,0,1
1474,P-1479,J-113959,A-54744,0,0,0
1475,P-1480,A-54744,J-33202,0,0,0
1476,P-1481,J-47427,A-66386,0,0,0
1477,P-1482,A-66386,J-89952,0,0,0
1478,P-1483,J-115889,A-66526,0,0,1
1479,P-1484,A-66526,J-111539,0,0,1
1480,P-1485,J-111021,A-57441,0,0,1
1481,P-1486,A-57441,J-114512,0,0,1
1482,P-1487,J-24541,A-58410,0,0,0
1483,P-1488,A-58410,J-97737,0,0,0
1484,P-1489,J-114856,A-66707,0,0,0
1485,P-1490,A-66707,J-78238,0,0,0
1486,P-1491,J-82892,A-66643,0,0,1
1487,P-1492,A-66643,J-103787,0,0,1
1488,P-1493,J-84365,A-45468,0,0,0
1489,P-1494,A-45468,J-37187,0,0,0
1490,P-1495,J-67455,A-66562,5.32296,1,1
1491,P-1496,A-66562,J-106389,5.32296,1,1
1492,P-1497,J-108734,A-66367,0,0,1
1493,P-1498,A-66367,J-126601,0,0,1
1494,P-1499,J-31363,A-66168,0,0,0
1495,P-1500,A-66168,J-78053,0,0,0
1496,P-1501,J-47044,A-66137,0,0,0
1497,P-1502,A-66137,J-72434,0,0,0
1498,P-1503,J-47930,A-59958,0,0,1
1499,P-1504,A-59958,J-45478,0,0,1
1500,P-1505,J-91844,A-27821,0,0,1
1501,P-1506,A-27821,J-103960,0,0,1
1502,P-1507,J-50439,A-60693,0,0,0
1503,P-1508,A-60693,J-110665,0,0,0
1504,P-1509,J-84071,A-57788,0,0,0
1505,P-1510,A-57788,J-71628,0,0,0
1506,P-1511,J-121402,A-59992,0,0,0
1507,P-1512,A-59992,J-47524,0,0,0
1508,P-1513,J-120075,A-55203,0,0,0
1509,P-1514,A-55203,J-70290,0,0,0
1510,P-1515,J-24717,A-66233,0,0,0
1511,P-1516,A-66233,J-43778,0,0,0
1512,P-1517,J-61974,A-66524,0,0,0
1513,P-1518,A-66524,J-62314,0,0,0
1514,P-1519,J-61128,A-46628,0,0,0
1515,P-1520,A-46628,J-42028,0,0,0
1516,P-1521,J-90486,A-66166,0,0,0
1517,P-1522,A-66166,J-99809,0,0,0
1518,P-1523,J-49209,A-9423,0,0,0
1519,P-1524,A-9423,J-92193,0,0,0
1520,P-1525,J-110468,A-17205,0,0,0
1521,P-1526,A-17205,J-70167,0,0,0
1522,P-1527,J-33784,A-58426,0,0,0
1523,P-1528,A-58426,J-34726,0,0,0
1524,P-1529,J-72482,A-66080,0,0,0
1525,P-1530,A-66080,J-93989,0,0,0
1526,P-1531,J-81681,A-35675,0,0,0
1527,P-1532,A-35675,J-86974,0,0,0
1528,P-1533,J-92336,A-66568,0,0,0
1529,P-1534,A-66568,J-90884,0,0,1
1530,P-1535,J-48051,A-60001,0,0,0
1531,P-1536,A-60001,J-115446,0,0,0
1532,P-1537,J-111717,A-28246,0,0,0
1533,P-1538,A-28246,J-79827,0,0,0
1534,P-1539,J-25847,A-66263,0,0,1
1535,P-1540,A-66263,J-98870,0,0,1
1536,P-1541,J-118943,A-66390,0,0,0
1537,P-1542,A-66390,J-66243,0,0,0
1538,P-1543,J-94526,A-44637,0,0,0
1539,P-1544,A-44637,J-80904,0,0,0
1540,P-1545,J-77179,A-64442,0,0,0
1541,P-1546,A-64442,J-78870,0,0,0
1542,P-1547,J-102174,A-66671,0,0,1
1543,P-1548,A-66671,J-111281,0,0,1
1544,P-1549,J-129274,A-63752,4.78186,1,1
1545,P-1550,A-63752,J-111809,4.78186,1,1
1546,P-1551,J-123856,A-66645,0,0,0
1547,P-1552,A-66645,J-24717,0,0,0
1548,P-1553,J-51813,A-58335,0,0,0
1549,P-1554,A-58335,J-29884,0,0,0
1550,P-1555,J-42719,A-66519,0,0,1
1551,P-1556,A-66519,J-24826,0,0,1
1552,P-1557,J-99809,A-59467,0,0,0
1553,P-1558,A-59467,J-25857,0,0,0
1554,P-1559,J-87526,A-66173,0,0,0
1555,P-1560,A-66173,J-84044,0,0,0
1556,P-1561,J-44070,A-66609,0,0,0
1557,P-1562,A-66609,J-77179,0,0,0
1558,P-1563,J-115829,A-66312,0,0,1
1559,P-1564,A-66312,J-115214,0,0,1
1560,P-1565,J-49022,A-59993,0,0,0
1561,P-1566,A-59993,J-45398,0,0,0
1562,P-1567,J-54616,A-66429,0,0,0
1563,P-1568,A-66429,J-114856,0,0,0
1564,P-1569,J-59724,A-66572,0,0,0
1565,P-1570,A-66572,J-87793,0,0,0
1566,P-1571,J-66391,A-55499,0,0,1
1567,P-1572,A-55499,J-66756,0,0,1
1568,P-1573,J-87510,A-58504,0,0,0
1569,P-1574,A-58504,J-84365,0,0,0
1570,P-1575,J-62660,A-63391,0,0,0
1571,P-1576,A-63391,J-79415,0,0,0
1572,P-1577,J-36504,A-66688,0,0,1
1573,P-1578,A-66688,J-69506,0,0,1
1574,P-1579,J-33689,A-54755,0,0,0
1575,P-1580,A-54755,J-40563,0,0,0
1576,P-1581,J-40563,A-58488,0,0,0
1577,P-1582,A-58488,J-2486,0,0,0
1578,P-1583,J-72259,A-17681,0,0,1
1579,P-1584,A-17681,J-116858,0,0,1
1580,P-1585,J-78262,A-66238,0,0,1
1581,P-1586,A-66238,J-115604,0,0,1
1582,P-1587,J-78625,A-66637,0,0,0
1583,P-1588,A-66637,J-83368,0,0,0
1584,P-1589,J-117571,A-66446,0,0,0
1585,P-1590,A-66446,J-66133,0,0,0
1586,P-1591,J-67209,A-21226,0,0,0
1587,P-1592,A-21226,J-87510,0,0,0
1588,P-1593,J-22241,A-32577,0,0,0
1589,P-1594,A-32577,J-23307,0,0,0
1590,P-1595,J-97706,A-65934,0,0,0
1591,P-1596,A-65934,J-97342,0,0,0
1592,P-1597,J-32962,A-66414,0,0,0
1593,P-1598,A-66414,J-70072,0,0,0
1594,P-1599,J-23915,A-66204,0,0,1
1595,P-1600,A-66204,J-24826,0,0,1
1596,P-1601,J-31175,A-66344,0,0,1
1597,P-1602,A-66344,J-109652,0,0,1
1598,P-1603,J-115638,A-66415,0,0,0
1599,P-1604,A-66415,J-98990,0,0,0
1600,P-1605,J-34038,A-66564,0,0,0
1601,P-1606,A-66564,J-62035,0,0,0
1602,P-1607,J-48991,A-66326,0,0,1
1603,P-1608,A-66326,J-51547,0,0,1
1604,P-1609,J-42053,A-60708,0,0,0
1605,P-1610,A-60708,J-54814,0,0,0
1606,P-1611,J-83611,A1776050,0,0,0
1607,P-1612,A1776050,J-113086,0,0,0
1608,P-1613,J-83611,A-34217,0,0,0
1609,P-1614,A-34217,J-45889,0,0,0
1610,P-1615,J-59560,A-54868,0,0,0
1611,P-1616,A-54868,J-76644,0,0,0
1612,P-1617,J-75323,A-60141,0,0,0
1613,P-1618,A-60141,J-75075,0,0,0
1614,P-1619,J-48991,A-66421,0,0,1
1615,P-1620,A-66421,J-65967,0,0,1
1616,P-1621,J-86806,A-66142,0,0,0
1617,P-1622,A-66142,J-44070,0,0,0
1618,P-1623,J-29809,A-16811,0,0,0
1619,P-1624,A-16811,J-61699,0,0,0
1620,P-1625,J-107343,A-25787,0,0,0
1621,P-1626,A-25787,J-105266,0,0,0
1622,P-1627,J-102423,A-64143,5.96075,1,1
1623,P-1628,A-64143,J-102081,5.96075,1,1
1624,P-1629,J-49973,A-66212,0,0,1
1625,P-1630,A-66212,J-77327,0,0,1
1626,P-1631,J-120328,A-60796,0,0,0
1627,P-1632,A-60796,J-118970,0,0,0
1628,P-1633,J-116009,A-66687,0,0,1
1629,P-1634,A-66687,J-44164,0,0,1
1630,P-1635,J-62793,A-64784,0,0,0
1631,P-1636,A-64784,J-34195,0,0,0
1632,P-1637,J-116643,A-66544,0,0,0
1633,P-1638,A-66544,J-100304,0,0,0
1634,P-1639,J-111717,A-27880,0,0,0
1635,P-1640,A-27880,J-113442,0,0,0
1636,P-1641,J-90652,A-64737,0,0,1
1637,P-1642,A-64737,J-120440,0,0,1
1638,P-1643,J-105253,A-66030,0,0,0
1639,P-1644,A-66030,J-99085,0,0,0
1640,P-1645,J-78238,A-66634,0,0,0
1641,P-1646,A-66634,J-99516,0,0,0
1642,P-1647,J-42028,A-66046,0,0,0
1643,P-1648,A-66046,J-105746,0,0,0
1644,P-1649,J-40343,A-55325,0,0,0
1645,P-1650,A-55325,J-47329,0,0,0
1646,P-1651,J-112511,A-28143,0,0,0
1647,P-1652,A-28143,J-93312,0,0,0
1648,P-1653,J-70380,A-66573,0,0,1
1649,P-1654,A-66573,J-45280,0,0,1
1650,P-1655,J-99809,A-66188,0,0,0
1651,P-1656,A-66188,J-81543,0,0,0
1652,P-1657,J-68513,A-66441,0,0,0
1653,P-1658,A-66441,J-36560,0,0,0
1654,P-1659,J-93182,A-53105,0,0,1
1655,P-1660,A-53105,J-104102,0,0,1
1656,P-1661,J-91029,A-60752,0,0,0
1657,P-1662,A-60752,J-76869,0,0,0
1658,P-1663,J-33691,A1844976,0,0,1
1659,P-1664,A1844976,J-23915,0,0,1
1660,P-1665,J-82797,A1801973,0,0,0
1661,P-1666,A1801973,J-97016,0,0,0
1662,P-1667,J-93989,A1808469,0,0,0
1663,P-1668,A1808469,J-116295,0,0,0
1664,P-1669,J-48988,A1802036,0,0,0
1665,P-1670,A1802036,J-49052,0,0,0
1666,P-1671,J-90047,A1813346,0,0,0
1667,P-1672,A1813346,J-125254,0,0,0
1668,P-1673,J-17011,A1919029,0,0,0
1669,P-1674,A1919029,J-17012,0,0,0
1670,P-1675,J-63831,A1777015,0,0,1
1671,P-1676,A1777015,J-49872,0,0,1
1672,P-1677,J-99085,A-65881,0,0,0
1673,P-1678,A-65881,J-62343,0,0,0
1674,P-1679,J-75662,A-66557,0,0,1
1675,P-1680,A-66557,J-81208,0,0,1
1676,P-1681,J-70962,A-55711,0,0,0
1677,P-1682,A-55711,J-97342,0,0,0
1678,P-1683,J-113725,A1808787,0,0,0
1679,P-1684,A1808787,J-82797,0,0,0
1680,P-1685,J-74838,A-29154,0,0,0
1681,P-1686,A-29154,J-95871,0,0,0
1682,P-1687,J-45398,A-66624,0,0,0
1683,P-1688,A-66624,J-47427,0,0,0
1684,P-1689,J-47427,A1825603,0,0,0
1685,P-1690,A1825603,J-48588,0,0,0
1686,P-1691,J-67455,A-62277,5.32296,1,1
1687,P-1692,A-62277,J-106905,0,0,1
1688,P-1693,J-79827,A-8162,0,0,0
1689,P-1694,A-8162,J-48207,0,0,0
1690,P-1695,J-110505,A-60440,0,0,0
1691,P-1696,A-60440,J-99448,0,0,0
1692,P-1697,J-86411,A-20974,0,0,0
1693,P-1698,A-20974,J-105534,0,0,0
1694,P-1699,J-78262,A-66696,0,0,1
1695,P-1700,A-66696,J-102174,0,0,1
1696,P-1701,J-106459,A-66533,6.72032,1,1
1697,P-1702,A-66533,J-102781,6.72032,1,1
1698,P-1703,J-33485,A-4944,0,0,0
1699,P-1704,A-4944,J-42787,0,0,0
1700,P-1705,J-120328,A-60568,0,0,0
1701,P-1706,A-60568,J-72482,0,0,0
1702,P-1707,J-109540,A-66577,0,0,1
1703,P-1708,A-66577,J-76652,0,0,0
1704,P-1709,J-100766,A-66640,0,0,0
1705,P-1710,A-66640,J-87526,0,0,0
1706,P-1711,J-69716,A1809117,0,0,0
1707,P-1712,A1809117,J-70940,0,0,0
1708,P-1713,J-71628,A-66350,0,0,0
1709,P-1714,A-66350,J-82580,0,0,1
1710,P-1715,J-44945,A1823468,0,0,0
1711,P-1716,A1823468,J-80224,0,0,0
1712,P-1717,J-94595,A-66729,0,0,0
1713,P-1718,A-66729,J-49064,0,0,0
1714,P-1719,J-77776,A-61394,0,0,0
1715,P-1720,A-61394,J-33185,0,0,0
1716,P-1721,J-102143,A-51078,0,0,0
1717,P-1722,A-51078,J-98967,0,0,0
1718,P-1723,J-122970,A-65146,0,0,0
1719,P-1724,A-65146,J-90047,0,0,0
1720,P-1725,J-93069,A-66294,0,0,0
1721,P-1726,A-66294,J-82205,0,0,0
1722,P-1727,J-121033,A-66715,0,0,1
1723,P-1728,A-66715,J-95889,0,0,1
1724,P-1729,J-24588,A-58676,0,0,0
1725,P-1730,A-58676,J-24693,0,0,0
1726,P-1731,J-75802,A-18566,0,0,0
1727,P-1732,A-18566,J-92138,0,0,0
1728,P-1733,J-97894,A-60431,0,0,0
1729,P-1734,A-60431,J-104252,0,0,0
1730,P-1735,J-80034,A-53041,6.06417,1,1
1731,P-1736,A-53041,J-84507,6.06417,1,1
1732,P-1737,J-61577,A-66404,0,0,1
1733,P-1738,A-66404,J-85221,0,0,1
1734,P-1739,J-61746,A-66116,0,0,0
1735,P-1740,A-66116,J-33784,0,0,0
1736,P-1741,J-72274,A-66083,0,0,0
1737,P-1742,A-66083,J-114751,0,0,0
1738,P-1743,J-109570,A-47653,0,0,0
1739,P-1744,A-47653,J-93089,0,0,0
1740,P-1745,J-96743,A-60710,0,0,0
1741,P-1746,A-60710,J-107321,0,0,0
1742,P-1747,J-51149,A1776031,0,0,0
1743,P-1748,A1776031,J-32962,0,0,0
1744,P-1749,J-47583,A1802157,0,0,0
1745,P-1750,A1802157,J-93069,0,0,0
1746,P-1751,J-111608,A-66660,0,0,1
1747,P-1752,A-66660,J-33164,0,0,1
1748,P-1753,J-48152,A-59936,0,0,1
1749,P-1754,A-59936,J-78029,0,0,1
1750,P-1755,J-85178,A-66589,0,0,1
1751,P-1756,A-66589,J-103850,0,0,1
1752,P-1757,J-36560,A-66540,0,0,0
1753,P-1758,A-66540,J-111890,0,0,0
1754,P-1759,J-51783,A-56034,0,0,1
1755,P-1760,A-56034,J-113809,0,0,1
1756,P-1761,J-61577,A-60673,0,0,1
1757,P-1762,A-60673,J-87654,0,0,1
1758,P-1763,J-46442,A-58351,0,0,0
1759,P-1764,A-58351,J-62660,0,0,0
1760,P-1765,J-37115,A-66159,0,0,0
1761,P-1766,A-66159,J-120964,0,0,0
1762,P-1767,J-45270,A-66462,0,0,0
1763,P-1768,A-66462,J-35288,0,0,0
1764,P-1769,J-46924,A-38193,0,0,0
1765,P-1770,A-38193,J-86687,0,0,0
1766,P-1771,J-96621,A-57706,0,0,0
1767,P-1772,A-57706,J-93829,0,0,0
1768,P-1773,J-106636,A-55069,0,0,0
1769,P-1774,A-55069,J-113725,0,0,0
1770,P-1775,J-78514,A-44123,0,0,0
1771,P-1776,A-44123,J-23088,0,0,0
1772,P-1777,J-114856,A-52746,0,0,0
1773,P-1778,A-52746,J-78238,0,0,0
1774,P-1779,J-83537,A-59873,0,0,0
1775,P-1780,A-59873,J-74270,0,0,0
1776,P-1781,J-71612,A-61138,0,0,0
1777,P-1782,A-61138,J-69716,0,0,0
1778,P-1783,J-114691,A-66684,0,0,0
1779,P-1784,A-66684,J-102482,0,0,0
1780,P-1785,J-49483,A-42946,0,0,0
1781,P-1786,A-42946,J-79128,0,0,0
1782,P-1787,J-47044,A-58507,0,0,0
1783,P-1788,A-58507,J-93304,0,0,0
1784,P-1789,J-67263,A-66485,0,0,0
1785,P-1790,A-66485,J-69632,0,0,0
1786,P-1791,J-81022,A-62940,0,0,0
1787,P-1792,A-62940,J-107343,0,0,0
1788,P-1793,J-86423,A-53992,0,0,0
1789,P-1794,A-53992,J-72434,0,0,0
1790,P-1795,J-66191,A-23607,0,0,0
1791,P-1796,A-23607,J-97046,0,0,0
1792,P-1797,J-23981,A-66383,6.06417,1,1
1793,P-1798,A-66383,J-84507,6.06417,1,1
1794,P-1799,J-26641,A-59680,0,0,0
1795,P-1800,A-59680,J-109570,0,0,0
1796,P-1801,J-106230,A-66603,0,0,0
1797,P-1802,A-66603,J-71989,0,0,0
1798,P-1803,J-24352,A1797066,0,0,0
1799,P-1804,A1797066,J-24300,0,0,0
1800,P-1805,J-117392,A-28772,0,0,0
1801,P-1806,A-28772,J-17011,0,0,0
1802,P-1807,J-45270,A-62904,0,0,0
1803,P-1808,A-62904,J-61443,0,0,0
1804,P-1809,J-77463,A-66347,0,0,0
1805,P-1810,A-66347,J-42053,0,0,0
1806,P-1811,J-68456,A-47045,0,0,0
1807,P-1812,A-47045,J-77527,0,0,0
1808,P-1813,J-86951,A-66140,0,0,0
1809,P-1814,A-66140,J-92857,0,0,0
1810,P-1815,J-118154,A-66705,0,0,1
1811,P-1816,A-66705,J-47287,0,0,1
1812,P-1817,J-49973,A-66553,0,0,1
1813,P-1818,A-66553,J-82617,0,0,1
1814,P-1819,J-46870,A-45162,0,0,0
1815,P-1820,A-45162,J-83624,0,0,0
1816,P-1821,J-102416,A-63111,0,0,0
1817,P-1822,A-63111,J-97393,0,0,0
1818,P-1823,J-71966,A-66319,6.06417,1,1
1819,P-1824,A-66319,J-41923,6.06417,1,1
1820,P-1825,J-48149,A-8963,0,0,0
1821,P-1826,A-8963,J-110509,0,0,0
1822,P-1827,J-43934,A-66607,0,0,0
1823,P-1828,A-66607,J-54603,0,0,0
1824,P-1829,J-113734,A-65640,0,0,1
1825,P-1830,A-65640,J-110923,0,0,1
1826,P-1831,J-105845,A-66632,0,0,0
1827,P-1832,A-66632,J-110162,0,0,0
1828,P-1833,J-20958,A-39342,0,0,0
1829,P-1834,A-39342,J-22241,0,0,0
1830,P-1835,J-82106,A-66113,6.06417,1,1
1831,P-1836,A-66113,J-27945,0,0,1
1832,P-1837,J-41923,A-54351,6.06417,1,1
1833,P-1838,A-54351,J-23981,6.06417,1,1
1834,P-1839,J-46867,A-66612,0,0,1
1835,P-1840,A-66612,J-115829,0,0,1
1836,P-1841,J-66756,A-16352,0,0,1
1837,P-1842,A-16352,J-65967,0,0,1
1838,P-1843,J-116295,A-66693,0,0,0
1839,P-1844,A-66693,J-114691,0,0,0
1840,P-1845,J-28289,A-60763,0,0,0
1841,P-1846,A-60763,J-20958,0,0,0
1842,P-1847,J-66391,A-42284,0,0,1
1843,P-1848,A-42284,J-27467,0,0,1
1844,P-1849,J-48149,A-66346,0,0,0
1845,P-1850,A-66346,J-54616,0,0,0
1846,P-1851,J-124107,A-66098,0,0,1
1847,P-1852,A-66098,J-506,0,0,1
1848,P-1853,J-106905,A-66253,0,0,1
1849,P-1854,A-66253,J-72000,0,0,1
1850,P-1855,J-77463,A-66633,0,0,0
1851,P-1856,A-66633,J-100766,0,0,0
1852,P-1857,J-115457,A-58531,0,0,0
1853,P-1858,A-58531,J-91027,0,0,0
1854,P-1859,J-24693,A-2588,0,0,0
1855,P-1860,A-2588,J-24669,0,0,0
1856,P-1861,J-97016,A-23599,0,0,0
1857,P-1862,A-23599,J-113442,0,0,0
1858,P-1863,J-19419,A-59751,0,0,0
1859,P-1864,A-59751,J-96743,0,0,0
1860,P-1865,J-106999,A-53375,0,0,1
1861,P-1866,A-53375,J-20545,0,0,1
1862,P-1867,J-33214,A-4855,0,0,0
1863,P-1868,A-4855,J-33485,0,0,0
1864,P-1869,J-59481,A-66680,0,0,0
1865,P-1870,A-66680,J-98991,0,0,0
1866,P-1871,J-76611,A-14601,0,0,0
1867,P-1872,A-14601,J-61539,0,0,0
1868,P-1873,J-109977,A-60681,0,0,0
1869,P-1874,A-60681,J-85302,0,0,0
1870,P-1875,J-114336,A-59852,0,0,0
1871,P-1876,A-59852,J-107321,0,0,0
1872,P-1877,J-100222,A1835649,0,0,0
1873,P-1878,A1835649,J-106057,0,0,0
1874,P-1879,J-47583,A-66655,0,0,0
1875,P-1880,A-66655,J-86659,0,0,0
1876,P-1881,J-106642,A-64935,0,0,0
1877,P-1882,A-64935,J-106335,0,0,0
1878,P-1883,J-91844,A-44875,0,0,1
1879,P-1884,A-44875,J-83181,0,0,1
1880,P-1885,J-68456,A-31789,0,0,0
1881,P-1886,A-31789,J-113910,0,0,0
1882,P-1887,J-102482,A-66560,0,0,0
1883,P-1888,A-66560,J-76135,0,0,0
1884,P-1889,J-95871,A-66628,0,0,0
1885,P-1890,A-66628,J-112552,0,0,0
1886,P-1891,J-97393,A-13172,0,0,0
1887,P-1892,A-13172,J-92540,0,0,0
1888,P-1893,J-69397,A-60792,0,0,0
1889,P-1894,A-60792,J-66628,0,0,0
1890,P-1895,J-40514,A-61134,0,0,0
1891,P-1896,A-61134,J-99576,0,0,0
1892,P-1897,J-113546,A-66474,0,0,0
1893,P-1898,A-66474,J-78956,0,0,0
1894,P-1899,J-36504,A-64600,0,0,1
1895,P-1900,A-64600,J-72259,0,0,1
1896,P-1901,J-108665,A-66475,5.96075,1,1
1897,P-1902,A-66475,J-103386,5.96075,1,1
1898,P-1903,J-129509,A-66724,0,0,0
1899,P-1904,A-66724,J-117382,0,0,0
1900,P-1905,J-100504,A-66406,0,0,1
1901,P-1906,A-66406,J-26802,0,0,1
1902,P-1907,J-113377,A-66579,0,0,0
1903,P-1908,A-66579,J-66283,0,0,0
1904,P-1909,J-104862,A-66042,0,0,1
1905,P-1910,A-66042,J-101852,0,0,1
1906,P-1911,J-79655,A-42544,0,0,0
1907,P-1912,A-42544,J-104726,0,0,0
1908,P-1913,J-48207,A-59931,0,0,0
1909,P-1914,A-59931,J-47583,0,0,0
1910,P-1915,J-81773,A-50218,0,0,0
1911,P-1916,A-50218,J-113119,0,0,0
1912,P-1917,J-51149,A-10141,0,0,0
1913,P-1918,A-10141,J-81372,0,0,0
1914,P-1919,J-42825,A-66301,0,0,0
1915,P-1920,A-66301,J-91383,0,0,1
1916,P-1921,J-92461,A-66606,0,0,0
1917,P-1922,A-66606,J-81773,0,0,0
1918,P-1923,J-77327,A-66007,0,0,1
1919,P-1924,A-66007,J-24880,0,0,1
1920,P-1925,J-59481,A-65479,0,0,0
1921,P-1926,A-65479,J-76069,0,0,0
1922,P-1927,J-27674,A-13085,0,0,0
1923,P-1928,A-13085,J-28062,0,0,0
1924,P-1929,J-90696,A-59599,0,0,0
1925,P-1930,A-59599,J-3989,0,0,0
1926,P-1931,J-82892,A-66650,0,0,1
1927,P-1932,A-66650,J-51547,0,0,1
1928,P-1933,J-109540,A-59683,6.02515,1,1
1929,P-1934,A-59683,J-82580,6.02515,1,1
1930,P-1935,J-47329,A-59380,0,0,0
1931,P-1936,A-59380,J-33689,0,0,0
1932,P-1937,J-84495,A-55297,0,0,0
1933,P-1938,A-55297,J-106959,0,0,0
1934,P-1939,J-113119,A-60379,0,0,0
1935,P-1940,A-60379,J-41431,0,0,0
1936,P-1941,J-82596,A-66283,0,0,1
1937,P-1942,A-66283,J-118154,0,0,1
1938,P-1943,J-35288,A-64172,0,0,0
1939,P-1944,A-64172,J-48575,0,0,0
1940,P-1945,J-106856,A-51016,0,0,0
1941,P-1946,A-51016,J-24235,0,0,0
1942,P-1947,J-101822,A-66570,0,0,0
1943,P-1948,A-66570,J-25319,0,0,0
1944,P-1949,J-96230,A-66518,0,0,1
1945,P-1950,A-66518,J-99639,0,0,1
1946,P-1951,J-33202,A-37782,0,0,0
1947,P-1952,A-37782,J-92025,0,0,0
1948,P-1953,J-113725,A-55953,0,0,0
1949,P-1954,A-55953,J-101284,0,0,0
1950,P-1955,J-77436,A-66492,0,0,1
1951,P-1956,A-66492,J-100985,0,0,1
1952,P-1957,J-97391,A-64607,0,0,1
1953,P-1958,A-64607,J-108378,0,0,1
1954,P-1959,J-25809,A-64283,0,0,0
1955,P-1960,A-64283,J-23307,0,0,0
1956,P-1961,J-45914,A-66725,0,0,1
1957,P-1962,A-66725,J-121033,0,0,1
1958,P-1963,J-86974,A-60117,0,0,0
1959,P-1964,A-60117,J-49711,0,0,0
1960,P-1965,J-85488,A-56018,0,0,0
1961,P-1966,A-56018,J-49122,0,0,0
1962,P-1967,J-91027,A-16504,0,0,0
1963,P-1968,A-16504,J-67383,0,0,0
1964,P-1969,J-113119,A-61145,0,0,0
1965,P-1970,A-61145,J-49837,0,0,0
1966,P-1971,J-112511,A1833950,0,0,0
1967,P-1972,A1833950,J-46924,0,0,0
1968,P-1973,J-73682,A-18032,0,0,0
1969,P-1974,A-18032,J-111264,0,0,0
1970,P-1975,J-93533,A-66432,0,0,0
1971,P-1976,A-66432,J-41003,0,0,0
1972,P-1977,J-89952,A-61273,0,0,0
1973,P-1978,A-61273,J-49022,0,0,0
1974,P-1979,J-110665,A-60028,0,0,0
1975,P-1980,A-60028,J-72274,0,0,0
